<?xml version="1.0" encoding="UTF-8" standalone="yes"?>
<ROOT xmlns:xsi="http://www.w3.org/2001/XMLSchema-instance">
<HEADER>
	<TYPE>
		<EXTENSION_TABLE_NAME>HGC_SENSOR_CV</EXTENSION_TABLE_NAME>
		<NAME>HGC CERN Sensor CV</NAME>
	</TYPE>
		<RUN>
			<RUN_NAME>200141</RUN_NAME>
			<RUN_BEGIN_TIMESTAMP>2022-09-13 9:58:00</RUN_BEGIN_TIMESTAMP>
			<RUN_END_TIMESTAMP>2022-09-13 9:58:00</RUN_END_TIMESTAMP>
			<INITIATED_BY_USER>Alex</INITIATED_BY_USER>
			<LOCATION>FSU</LOCATION>
			<COMMENT_DESCRIPTION>C</COMMENT_DESCRIPTION>
		</RUN>
 </HEADER>
		<DATA_SET>
			<PART>
				<KIND_OF_PART>200um Si Sensor LD Full</KIND_OF_PART>
				<SERIAL_NUMBER>200141_0</SERIAL_NUMBER>
			</PART>
			<DATA>
				<VOLTS>-5.0</VOLTS>
				<CPCTNCE_PFRD>3.153678E+2</CPCTNCE_PFRD>
				<ERR_CPCTNC_PFRD>7.308981E-3</ERR_CPCTNC_PFRD>
				<TOT_CURNT_NANOAMP>-3.83E+1</TOT_CURNT_NANOAMP>
				<ACTUAL_VOLTS>-5.00</ACTUAL_VOLTS>
				<ORG_CPCTNC_PFRD>3.153678E+2</ORG_CPCTNC_PFRD>
				<TEMP_DEGC>23.1</TEMP_DEGC>
				<HUMIDITY_PRCNT>6.9</HUMIDITY_PRCNT>
				<IMP_OHM>2.626373E+5</IMP_OHM>
				<PHS_RAD>-1.289740E+0</PHS_RAD>
				<TIME_SECS>22.96</TIME_SECS>
				<CELL_NR>1</CELL_NR>
			</DATA>
			<DATA>
				<VOLTS>-5.0</VOLTS>
				<CPCTNCE_PFRD>4.549104E+2</CPCTNCE_PFRD>
				<ERR_CPCTNC_PFRD>0.000000E+0</ERR_CPCTNC_PFRD>
				<TOT_CURNT_NANOAMP>-4.91E+1</TOT_CURNT_NANOAMP>
				<ACTUAL_VOLTS>-5.00</ACTUAL_VOLTS>
				<ORG_CPCTNC_PFRD>4.549104E+2</ORG_CPCTNC_PFRD>
				<TEMP_DEGC>23.1</TEMP_DEGC>
				<HUMIDITY_PRCNT>6.8</HUMIDITY_PRCNT>
				<IMP_OHM>1.786960E+5</IMP_OHM>
				<PHS_RAD>-1.365130E+0</PHS_RAD>
				<TIME_SECS>25.32</TIME_SECS>
				<CELL_NR>11</CELL_NR>
			</DATA>
			<DATA>
				<VOLTS>-5.0</VOLTS>
				<CPCTNCE_PFRD>4.638541E+2</CPCTNCE_PFRD>
				<ERR_CPCTNC_PFRD>9.272222E-3</ERR_CPCTNC_PFRD>
				<TOT_CURNT_NANOAMP>-4.21E+1</TOT_CURNT_NANOAMP>
				<ACTUAL_VOLTS>-5.00</ACTUAL_VOLTS>
				<ORG_CPCTNC_PFRD>4.638541E+2</ORG_CPCTNC_PFRD>
				<TEMP_DEGC>23.1</TEMP_DEGC>
				<HUMIDITY_PRCNT>6.7</HUMIDITY_PRCNT>
				<IMP_OHM>1.751383E+5</IMP_OHM>
				<PHS_RAD>-1.368223E+0</PHS_RAD>
				<TIME_SECS>27.75</TIME_SECS>
				<CELL_NR>21</CELL_NR>
			</DATA>
			<DATA>
				<VOLTS>-5.0</VOLTS>
				<CPCTNCE_PFRD>4.631137E+2</CPCTNCE_PFRD>
				<ERR_CPCTNC_PFRD>3.048175E-3</ERR_CPCTNC_PFRD>
				<TOT_CURNT_NANOAMP>-4.33E+1</TOT_CURNT_NANOAMP>
				<ACTUAL_VOLTS>-5.00</ACTUAL_VOLTS>
				<ORG_CPCTNC_PFRD>4.631137E+2</ORG_CPCTNC_PFRD>
				<TEMP_DEGC>23.1</TEMP_DEGC>
				<HUMIDITY_PRCNT>6.8</HUMIDITY_PRCNT>
				<IMP_OHM>1.754347E+5</IMP_OHM>
				<PHS_RAD>-1.367770E+0</PHS_RAD>
				<TIME_SECS>30.20</TIME_SECS>
				<CELL_NR>31</CELL_NR>
			</DATA>
			<DATA>
				<VOLTS>-5.0</VOLTS>
				<CPCTNCE_PFRD>4.607315E+2</CPCTNCE_PFRD>
				<ERR_CPCTNC_PFRD>3.016710E-3</ERR_CPCTNC_PFRD>
				<TOT_CURNT_NANOAMP>-4.53E+1</TOT_CURNT_NANOAMP>
				<ACTUAL_VOLTS>-5.00</ACTUAL_VOLTS>
				<ORG_CPCTNC_PFRD>4.607315E+2</ORG_CPCTNC_PFRD>
				<TEMP_DEGC>23.1</TEMP_DEGC>
				<HUMIDITY_PRCNT>6.8</HUMIDITY_PRCNT>
				<IMP_OHM>1.763527E+5</IMP_OHM>
				<PHS_RAD>-1.367470E+0</PHS_RAD>
				<TIME_SECS>32.67</TIME_SECS>
				<CELL_NR>41</CELL_NR>
			</DATA>
			<DATA>
				<VOLTS>-5.0</VOLTS>
				<CPCTNCE_PFRD>4.749956E+2</CPCTNCE_PFRD>
				<ERR_CPCTNC_PFRD>2.317870E-3</ERR_CPCTNC_PFRD>
				<TOT_CURNT_NANOAMP>-4.51E+1</TOT_CURNT_NANOAMP>
				<ACTUAL_VOLTS>-5.00</ACTUAL_VOLTS>
				<ORG_CPCTNC_PFRD>4.749956E+2</ORG_CPCTNC_PFRD>
				<TEMP_DEGC>23.1</TEMP_DEGC>
				<HUMIDITY_PRCNT>6.9</HUMIDITY_PRCNT>
				<IMP_OHM>1.708940E+5</IMP_OHM>
				<PHS_RAD>-1.372143E+0</PHS_RAD>
				<TIME_SECS>35.10</TIME_SECS>
				<CELL_NR>51</CELL_NR>
			</DATA>
			<DATA>
				<VOLTS>-5.0</VOLTS>
				<CPCTNCE_PFRD>3.952401E+2</CPCTNCE_PFRD>
				<ERR_CPCTNC_PFRD>9.559588E-4</ERR_CPCTNC_PFRD>
				<TOT_CURNT_NANOAMP>-4.68E+1</TOT_CURNT_NANOAMP>
				<ACTUAL_VOLTS>-5.00</ACTUAL_VOLTS>
				<ORG_CPCTNC_PFRD>3.952401E+2</ORG_CPCTNC_PFRD>
				<TEMP_DEGC>23.1</TEMP_DEGC>
				<HUMIDITY_PRCNT>6.9</HUMIDITY_PRCNT>
				<IMP_OHM>2.067637E+5</IMP_OHM>
				<PHS_RAD>-1.341237E+0</PHS_RAD>
				<TIME_SECS>37.58</TIME_SECS>
				<CELL_NR>61</CELL_NR>
			</DATA>
			<DATA>
				<VOLTS>-5.0</VOLTS>
				<CPCTNCE_PFRD>4.643116E+2</CPCTNCE_PFRD>
				<ERR_CPCTNC_PFRD>1.532149E-3</ERR_CPCTNC_PFRD>
				<TOT_CURNT_NANOAMP>-4.99E+1</TOT_CURNT_NANOAMP>
				<ACTUAL_VOLTS>-5.00</ACTUAL_VOLTS>
				<ORG_CPCTNC_PFRD>4.643116E+2</ORG_CPCTNC_PFRD>
				<TEMP_DEGC>23.1</TEMP_DEGC>
				<HUMIDITY_PRCNT>6.8</HUMIDITY_PRCNT>
				<IMP_OHM>1.749633E+5</IMP_OHM>
				<PHS_RAD>-1.368290E+0</PHS_RAD>
				<TIME_SECS>40.02</TIME_SECS>
				<CELL_NR>71</CELL_NR>
			</DATA>
			<DATA>
				<VOLTS>-5.0</VOLTS>
				<CPCTNCE_PFRD>4.739335E+2</CPCTNCE_PFRD>
				<ERR_CPCTNC_PFRD>2.287283E-3</ERR_CPCTNC_PFRD>
				<TOT_CURNT_NANOAMP>-4.58E+1</TOT_CURNT_NANOAMP>
				<ACTUAL_VOLTS>-5.00</ACTUAL_VOLTS>
				<ORG_CPCTNC_PFRD>4.739335E+2</ORG_CPCTNC_PFRD>
				<TEMP_DEGC>23.1</TEMP_DEGC>
				<HUMIDITY_PRCNT>6.8</HUMIDITY_PRCNT>
				<IMP_OHM>1.715150E+5</IMP_OHM>
				<PHS_RAD>-1.365363E+0</PHS_RAD>
				<TIME_SECS>42.49</TIME_SECS>
				<CELL_NR>81</CELL_NR>
			</DATA>
			<DATA>
				<VOLTS>-5.0</VOLTS>
				<CPCTNCE_PFRD>4.620599E+2</CPCTNCE_PFRD>
				<ERR_CPCTNC_PFRD>7.903923E-3</ERR_CPCTNC_PFRD>
				<TOT_CURNT_NANOAMP>-4.28E+1</TOT_CURNT_NANOAMP>
				<ACTUAL_VOLTS>-5.00</ACTUAL_VOLTS>
				<ORG_CPCTNC_PFRD>4.620599E+2</ORG_CPCTNC_PFRD>
				<TEMP_DEGC>23.1</TEMP_DEGC>
				<HUMIDITY_PRCNT>6.8</HUMIDITY_PRCNT>
				<IMP_OHM>1.758443E+5</IMP_OHM>
				<PHS_RAD>-1.367507E+0</PHS_RAD>
				<TIME_SECS>44.97</TIME_SECS>
				<CELL_NR>91</CELL_NR>
			</DATA>
			<DATA>
				<VOLTS>-5.0</VOLTS>
				<CPCTNCE_PFRD>4.645639E+2</CPCTNCE_PFRD>
				<ERR_CPCTNC_PFRD>1.345737E-3</ERR_CPCTNC_PFRD>
				<TOT_CURNT_NANOAMP>-4.96E+1</TOT_CURNT_NANOAMP>
				<ACTUAL_VOLTS>-5.00</ACTUAL_VOLTS>
				<ORG_CPCTNC_PFRD>4.645639E+2</ORG_CPCTNC_PFRD>
				<TEMP_DEGC>23.1</TEMP_DEGC>
				<HUMIDITY_PRCNT>6.8</HUMIDITY_PRCNT>
				<IMP_OHM>1.748717E+5</IMP_OHM>
				<PHS_RAD>-1.368197E+0</PHS_RAD>
				<TIME_SECS>47.40</TIME_SECS>
				<CELL_NR>101</CELL_NR>
			</DATA>
			<DATA>
				<VOLTS>-5.0</VOLTS>
				<CPCTNCE_PFRD>3.253708E+2</CPCTNCE_PFRD>
				<ERR_CPCTNC_PFRD>9.723109E-3</ERR_CPCTNC_PFRD>
				<TOT_CURNT_NANOAMP>-4.96E+1</TOT_CURNT_NANOAMP>
				<ACTUAL_VOLTS>-5.00</ACTUAL_VOLTS>
				<ORG_CPCTNC_PFRD>3.253708E+2</ORG_CPCTNC_PFRD>
				<TEMP_DEGC>23.1</TEMP_DEGC>
				<HUMIDITY_PRCNT>6.7</HUMIDITY_PRCNT>
				<IMP_OHM>2.542987E+5</IMP_OHM>
				<PHS_RAD>-1.293363E+0</PHS_RAD>
				<TIME_SECS>49.86</TIME_SECS>
				<CELL_NR>111</CELL_NR>
			</DATA>
			<DATA>
				<VOLTS>-5.0</VOLTS>
				<CPCTNCE_PFRD>4.735087E+2</CPCTNCE_PFRD>
				<ERR_CPCTNC_PFRD>8.292683E-2</ERR_CPCTNC_PFRD>
				<TOT_CURNT_NANOAMP>-4.96E+1</TOT_CURNT_NANOAMP>
				<ACTUAL_VOLTS>-5.00</ACTUAL_VOLTS>
				<ORG_CPCTNC_PFRD>4.735087E+2</ORG_CPCTNC_PFRD>
				<TEMP_DEGC>23.1</TEMP_DEGC>
				<HUMIDITY_PRCNT>6.7</HUMIDITY_PRCNT>
				<IMP_OHM>1.714733E+5</IMP_OHM>
				<PHS_RAD>-1.370910E+0</PHS_RAD>
				<TIME_SECS>51.20</TIME_SECS>
				<CELL_NR>121</CELL_NR>
			</DATA>
			<DATA>
				<VOLTS>-5.0</VOLTS>
				<CPCTNCE_PFRD>4.758792E+2</CPCTNCE_PFRD>
				<ERR_CPCTNC_PFRD>8.350043E-2</ERR_CPCTNC_PFRD>
				<TOT_CURNT_NANOAMP>-4.96E+1</TOT_CURNT_NANOAMP>
				<ACTUAL_VOLTS>-5.00</ACTUAL_VOLTS>
				<ORG_CPCTNC_PFRD>4.758792E+2</ORG_CPCTNC_PFRD>
				<TEMP_DEGC>23.1</TEMP_DEGC>
				<HUMIDITY_PRCNT>6.8</HUMIDITY_PRCNT>
				<IMP_OHM>1.705940E+5</IMP_OHM>
				<PHS_RAD>-1.371640E+0</PHS_RAD>
				<TIME_SECS>52.55</TIME_SECS>
				<CELL_NR>131</CELL_NR>
			</DATA>
			<DATA>
				<VOLTS>-5.0</VOLTS>
				<CPCTNCE_PFRD>3.868802E+2</CPCTNCE_PFRD>
				<ERR_CPCTNC_PFRD>2.602049E-2</ERR_CPCTNC_PFRD>
				<TOT_CURNT_NANOAMP>-4.96E+1</TOT_CURNT_NANOAMP>
				<ACTUAL_VOLTS>-5.00</ACTUAL_VOLTS>
				<ORG_CPCTNC_PFRD>3.868802E+2</ORG_CPCTNC_PFRD>
				<TEMP_DEGC>23.1</TEMP_DEGC>
				<HUMIDITY_PRCNT>6.8</HUMIDITY_PRCNT>
				<IMP_OHM>2.114320E+5</IMP_OHM>
				<PHS_RAD>-1.337213E+0</PHS_RAD>
				<TIME_SECS>53.95</TIME_SECS>
				<CELL_NR>141</CELL_NR>
			</DATA>
			<DATA>
				<VOLTS>-5.0</VOLTS>
				<CPCTNCE_PFRD>4.707424E+2</CPCTNCE_PFRD>
				<ERR_CPCTNC_PFRD>3.837991E-2</ERR_CPCTNC_PFRD>
				<TOT_CURNT_NANOAMP>-4.96E+1</TOT_CURNT_NANOAMP>
				<ACTUAL_VOLTS>-5.00</ACTUAL_VOLTS>
				<ORG_CPCTNC_PFRD>4.707424E+2</ORG_CPCTNC_PFRD>
				<TEMP_DEGC>23.1</TEMP_DEGC>
				<HUMIDITY_PRCNT>6.8</HUMIDITY_PRCNT>
				<IMP_OHM>1.725023E+5</IMP_OHM>
				<PHS_RAD>-1.370300E+0</PHS_RAD>
				<TIME_SECS>55.27</TIME_SECS>
				<CELL_NR>151</CELL_NR>
			</DATA>
			<DATA>
				<VOLTS>-5.0</VOLTS>
				<CPCTNCE_PFRD>4.774640E+2</CPCTNCE_PFRD>
				<ERR_CPCTNC_PFRD>6.587885E-2</ERR_CPCTNC_PFRD>
				<TOT_CURNT_NANOAMP>-4.96E+1</TOT_CURNT_NANOAMP>
				<ACTUAL_VOLTS>-5.00</ACTUAL_VOLTS>
				<ORG_CPCTNC_PFRD>4.774640E+2</ORG_CPCTNC_PFRD>
				<TEMP_DEGC>23.1</TEMP_DEGC>
				<HUMIDITY_PRCNT>6.8</HUMIDITY_PRCNT>
				<IMP_OHM>1.700127E+5</IMP_OHM>
				<PHS_RAD>-1.372080E+0</PHS_RAD>
				<TIME_SECS>56.45</TIME_SECS>
				<CELL_NR>161</CELL_NR>
			</DATA>
			<DATA>
				<VOLTS>-5.0</VOLTS>
				<CPCTNCE_PFRD>4.704957E+2</CPCTNCE_PFRD>
				<ERR_CPCTNC_PFRD>7.480211E-2</ERR_CPCTNC_PFRD>
				<TOT_CURNT_NANOAMP>-4.96E+1</TOT_CURNT_NANOAMP>
				<ACTUAL_VOLTS>-5.00</ACTUAL_VOLTS>
				<ORG_CPCTNC_PFRD>4.704957E+2</ORG_CPCTNC_PFRD>
				<TEMP_DEGC>23.1</TEMP_DEGC>
				<HUMIDITY_PRCNT>6.8</HUMIDITY_PRCNT>
				<IMP_OHM>1.726013E+5</IMP_OHM>
				<PHS_RAD>-1.370057E+0</PHS_RAD>
				<TIME_SECS>57.80</TIME_SECS>
				<CELL_NR>171</CELL_NR>
			</DATA>
			<DATA>
				<VOLTS>-5.0</VOLTS>
				<CPCTNCE_PFRD>4.705764E+2</CPCTNCE_PFRD>
				<ERR_CPCTNC_PFRD>2.800170E-2</ERR_CPCTNC_PFRD>
				<TOT_CURNT_NANOAMP>-4.96E+1</TOT_CURNT_NANOAMP>
				<ACTUAL_VOLTS>-5.00</ACTUAL_VOLTS>
				<ORG_CPCTNC_PFRD>4.705764E+2</ORG_CPCTNC_PFRD>
				<TEMP_DEGC>23.1</TEMP_DEGC>
				<HUMIDITY_PRCNT>6.8</HUMIDITY_PRCNT>
				<IMP_OHM>1.725707E+5</IMP_OHM>
				<PHS_RAD>-1.370087E+0</PHS_RAD>
				<TIME_SECS>59.15</TIME_SECS>
				<CELL_NR>181</CELL_NR>
			</DATA>
			<DATA>
				<VOLTS>-5.0</VOLTS>
				<CPCTNCE_PFRD>4.768363E+2</CPCTNCE_PFRD>
				<ERR_CPCTNC_PFRD>3.147325E-2</ERR_CPCTNC_PFRD>
				<TOT_CURNT_NANOAMP>-4.96E+1</TOT_CURNT_NANOAMP>
				<ACTUAL_VOLTS>-5.00</ACTUAL_VOLTS>
				<ORG_CPCTNC_PFRD>4.768363E+2</ORG_CPCTNC_PFRD>
				<TEMP_DEGC>23.1</TEMP_DEGC>
				<HUMIDITY_PRCNT>6.8</HUMIDITY_PRCNT>
				<IMP_OHM>1.702310E+5</IMP_OHM>
				<PHS_RAD>-1.372240E+0</PHS_RAD>
				<TIME_SECS>60.53</TIME_SECS>
				<CELL_NR>191</CELL_NR>
			</DATA>
			<DATA>
				<VOLTS>-5.0</VOLTS>
				<CPCTNCE_PFRD>1.888519E+2</CPCTNCE_PFRD>
				<ERR_CPCTNC_PFRD>1.063776E-3</ERR_CPCTNC_PFRD>
				<TOT_CURNT_NANOAMP>-4.53E+1</TOT_CURNT_NANOAMP>
				<ACTUAL_VOLTS>-5.00</ACTUAL_VOLTS>
				<ORG_CPCTNC_PFRD>1.888519E+2</ORG_CPCTNC_PFRD>
				<TEMP_DEGC>23.1</TEMP_DEGC>
				<HUMIDITY_PRCNT>6.8</HUMIDITY_PRCNT>
				<IMP_OHM>4.833287E+5</IMP_OHM>
				<PHS_RAD>-1.058903E+0</PHS_RAD>
				<TIME_SECS>61.84</TIME_SECS>
				<CELL_NR>201</CELL_NR>
			</DATA>
			<DATA>
				<VOLTS>-50.0</VOLTS>
				<CPCTNCE_PFRD>2.211316E+2</CPCTNCE_PFRD>
				<ERR_CPCTNC_PFRD>1.100669E-2</ERR_CPCTNC_PFRD>
				<TOT_CURNT_NANOAMP>-8.11E+1</TOT_CURNT_NANOAMP>
				<ACTUAL_VOLTS>-50.00</ACTUAL_VOLTS>
				<ORG_CPCTNC_PFRD>2.211316E+2</ORG_CPCTNC_PFRD>
				<TEMP_DEGC>23.1</TEMP_DEGC>
				<HUMIDITY_PRCNT>6.7</HUMIDITY_PRCNT>
				<IMP_OHM>3.939440E+5</IMP_OHM>
				<PHS_RAD>-1.151787E+0</PHS_RAD>
				<TIME_SECS>103.30</TIME_SECS>
				<CELL_NR>1</CELL_NR>
			</DATA>
			<DATA>
				<VOLTS>-50.0</VOLTS>
				<CPCTNCE_PFRD>2.579518E+2</CPCTNCE_PFRD>
				<ERR_CPCTNC_PFRD>8.960683E-3</ERR_CPCTNC_PFRD>
				<TOT_CURNT_NANOAMP>-7.61E+1</TOT_CURNT_NANOAMP>
				<ACTUAL_VOLTS>-50.00</ACTUAL_VOLTS>
				<ORG_CPCTNC_PFRD>2.579518E+2</ORG_CPCTNC_PFRD>
				<TEMP_DEGC>23.1</TEMP_DEGC>
				<HUMIDITY_PRCNT>6.7</HUMIDITY_PRCNT>
				<IMP_OHM>3.284027E+5</IMP_OHM>
				<PHS_RAD>-1.220840E+0</PHS_RAD>
				<TIME_SECS>105.82</TIME_SECS>
				<CELL_NR>11</CELL_NR>
			</DATA>
			<DATA>
				<VOLTS>-50.0</VOLTS>
				<CPCTNCE_PFRD>2.656581E+2</CPCTNCE_PFRD>
				<ERR_CPCTNC_PFRD>5.940506E-3</ERR_CPCTNC_PFRD>
				<TOT_CURNT_NANOAMP>-7.00E+1</TOT_CURNT_NANOAMP>
				<ACTUAL_VOLTS>-50.00</ACTUAL_VOLTS>
				<ORG_CPCTNC_PFRD>2.656581E+2</ORG_CPCTNC_PFRD>
				<TEMP_DEGC>23.1</TEMP_DEGC>
				<HUMIDITY_PRCNT>6.7</HUMIDITY_PRCNT>
				<IMP_OHM>3.176050E+5</IMP_OHM>
				<PHS_RAD>-1.231977E+0</PHS_RAD>
				<TIME_SECS>108.27</TIME_SECS>
				<CELL_NR>21</CELL_NR>
			</DATA>
			<DATA>
				<VOLTS>-50.0</VOLTS>
				<CPCTNCE_PFRD>2.644162E+2</CPCTNCE_PFRD>
				<ERR_CPCTNC_PFRD>8.224287E-3</ERR_CPCTNC_PFRD>
				<TOT_CURNT_NANOAMP>-7.64E+1</TOT_CURNT_NANOAMP>
				<ACTUAL_VOLTS>-50.00</ACTUAL_VOLTS>
				<ORG_CPCTNC_PFRD>2.644162E+2</ORG_CPCTNC_PFRD>
				<TEMP_DEGC>23.1</TEMP_DEGC>
				<HUMIDITY_PRCNT>6.7</HUMIDITY_PRCNT>
				<IMP_OHM>3.192780E+5</IMP_OHM>
				<PHS_RAD>-1.230370E+0</PHS_RAD>
				<TIME_SECS>110.71</TIME_SECS>
				<CELL_NR>31</CELL_NR>
			</DATA>
			<DATA>
				<VOLTS>-50.0</VOLTS>
				<CPCTNCE_PFRD>2.627083E+2</CPCTNCE_PFRD>
				<ERR_CPCTNC_PFRD>4.877353E-3</ERR_CPCTNC_PFRD>
				<TOT_CURNT_NANOAMP>-6.29E+1</TOT_CURNT_NANOAMP>
				<ACTUAL_VOLTS>-50.00</ACTUAL_VOLTS>
				<ORG_CPCTNC_PFRD>2.627083E+2</ORG_CPCTNC_PFRD>
				<TEMP_DEGC>23.1</TEMP_DEGC>
				<HUMIDITY_PRCNT>6.7</HUMIDITY_PRCNT>
				<IMP_OHM>3.215947E+5</IMP_OHM>
				<PHS_RAD>-1.228260E+0</PHS_RAD>
				<TIME_SECS>113.15</TIME_SECS>
				<CELL_NR>41</CELL_NR>
			</DATA>
			<DATA>
				<VOLTS>-50.0</VOLTS>
				<CPCTNCE_PFRD>2.691179E+2</CPCTNCE_PFRD>
				<ERR_CPCTNC_PFRD>4.082926E-3</ERR_CPCTNC_PFRD>
				<TOT_CURNT_NANOAMP>-6.69E+1</TOT_CURNT_NANOAMP>
				<ACTUAL_VOLTS>-50.00</ACTUAL_VOLTS>
				<ORG_CPCTNC_PFRD>2.691179E+2</ORG_CPCTNC_PFRD>
				<TEMP_DEGC>23.1</TEMP_DEGC>
				<HUMIDITY_PRCNT>6.7</HUMIDITY_PRCNT>
				<IMP_OHM>3.129360E+5</IMP_OHM>
				<PHS_RAD>-1.237330E+0</PHS_RAD>
				<TIME_SECS>115.61</TIME_SECS>
				<CELL_NR>51</CELL_NR>
			</DATA>
			<DATA>
				<VOLTS>-50.0</VOLTS>
				<CPCTNCE_PFRD>2.449492E+2</CPCTNCE_PFRD>
				<ERR_CPCTNC_PFRD>5.068066E-3</ERR_CPCTNC_PFRD>
				<TOT_CURNT_NANOAMP>-6.66E+1</TOT_CURNT_NANOAMP>
				<ACTUAL_VOLTS>-50.00</ACTUAL_VOLTS>
				<ORG_CPCTNC_PFRD>2.449492E+2</ORG_CPCTNC_PFRD>
				<TEMP_DEGC>23.1</TEMP_DEGC>
				<HUMIDITY_PRCNT>6.7</HUMIDITY_PRCNT>
				<IMP_OHM>3.484713E+5</IMP_OHM>
				<PHS_RAD>-1.200670E+0</PHS_RAD>
				<TIME_SECS>118.08</TIME_SECS>
				<CELL_NR>61</CELL_NR>
			</DATA>
			<DATA>
				<VOLTS>-50.0</VOLTS>
				<CPCTNCE_PFRD>2.641777E+2</CPCTNCE_PFRD>
				<ERR_CPCTNC_PFRD>4.319184E-3</ERR_CPCTNC_PFRD>
				<TOT_CURNT_NANOAMP>-7.02E+1</TOT_CURNT_NANOAMP>
				<ACTUAL_VOLTS>-50.00</ACTUAL_VOLTS>
				<ORG_CPCTNC_PFRD>2.641777E+2</ORG_CPCTNC_PFRD>
				<TEMP_DEGC>23.1</TEMP_DEGC>
				<HUMIDITY_PRCNT>6.7</HUMIDITY_PRCNT>
				<IMP_OHM>3.195360E+5</IMP_OHM>
				<PHS_RAD>-1.230637E+0</PHS_RAD>
				<TIME_SECS>120.51</TIME_SECS>
				<CELL_NR>71</CELL_NR>
			</DATA>
			<DATA>
				<VOLTS>-50.0</VOLTS>
				<CPCTNCE_PFRD>2.726376E+2</CPCTNCE_PFRD>
				<ERR_CPCTNC_PFRD>4.496017E-3</ERR_CPCTNC_PFRD>
				<TOT_CURNT_NANOAMP>-7.45E+1</TOT_CURNT_NANOAMP>
				<ACTUAL_VOLTS>-50.00</ACTUAL_VOLTS>
				<ORG_CPCTNC_PFRD>2.726376E+2</ORG_CPCTNC_PFRD>
				<TEMP_DEGC>23.1</TEMP_DEGC>
				<HUMIDITY_PRCNT>6.7</HUMIDITY_PRCNT>
				<IMP_OHM>3.085983E+5</IMP_OHM>
				<PHS_RAD>-1.240127E+0</PHS_RAD>
				<TIME_SECS>122.96</TIME_SECS>
				<CELL_NR>81</CELL_NR>
			</DATA>
			<DATA>
				<VOLTS>-50.0</VOLTS>
				<CPCTNCE_PFRD>2.622376E+2</CPCTNCE_PFRD>
				<ERR_CPCTNC_PFRD>7.431742E-3</ERR_CPCTNC_PFRD>
				<TOT_CURNT_NANOAMP>-6.89E+1</TOT_CURNT_NANOAMP>
				<ACTUAL_VOLTS>-50.00</ACTUAL_VOLTS>
				<ORG_CPCTNC_PFRD>2.622376E+2</ORG_CPCTNC_PFRD>
				<TEMP_DEGC>23.1</TEMP_DEGC>
				<HUMIDITY_PRCNT>6.8</HUMIDITY_PRCNT>
				<IMP_OHM>3.221927E+5</IMP_OHM>
				<PHS_RAD>-1.228080E+0</PHS_RAD>
				<TIME_SECS>125.42</TIME_SECS>
				<CELL_NR>91</CELL_NR>
			</DATA>
			<DATA>
				<VOLTS>-50.0</VOLTS>
				<CPCTNCE_PFRD>2.647531E+2</CPCTNCE_PFRD>
				<ERR_CPCTNC_PFRD>3.263565E-3</ERR_CPCTNC_PFRD>
				<TOT_CURNT_NANOAMP>-8.10E+1</TOT_CURNT_NANOAMP>
				<ACTUAL_VOLTS>-50.00</ACTUAL_VOLTS>
				<ORG_CPCTNC_PFRD>2.647531E+2</ORG_CPCTNC_PFRD>
				<TEMP_DEGC>23.1</TEMP_DEGC>
				<HUMIDITY_PRCNT>6.8</HUMIDITY_PRCNT>
				<IMP_OHM>3.187450E+5</IMP_OHM>
				<PHS_RAD>-1.231493E+0</PHS_RAD>
				<TIME_SECS>127.87</TIME_SECS>
				<CELL_NR>101</CELL_NR>
			</DATA>
			<DATA>
				<VOLTS>-50.0</VOLTS>
				<CPCTNCE_PFRD>2.292142E+2</CPCTNCE_PFRD>
				<ERR_CPCTNC_PFRD>1.999886E-2</ERR_CPCTNC_PFRD>
				<TOT_CURNT_NANOAMP>-8.10E+1</TOT_CURNT_NANOAMP>
				<ACTUAL_VOLTS>-50.00</ACTUAL_VOLTS>
				<ORG_CPCTNC_PFRD>2.292142E+2</ORG_CPCTNC_PFRD>
				<TEMP_DEGC>23.1</TEMP_DEGC>
				<HUMIDITY_PRCNT>6.7</HUMIDITY_PRCNT>
				<IMP_OHM>3.770993E+5</IMP_OHM>
				<PHS_RAD>-1.169733E+0</PHS_RAD>
				<TIME_SECS>130.35</TIME_SECS>
				<CELL_NR>111</CELL_NR>
			</DATA>
			<DATA>
				<VOLTS>-50.0</VOLTS>
				<CPCTNCE_PFRD>2.728441E+2</CPCTNCE_PFRD>
				<ERR_CPCTNC_PFRD>2.367908E-2</ERR_CPCTNC_PFRD>
				<TOT_CURNT_NANOAMP>-8.10E+1</TOT_CURNT_NANOAMP>
				<ACTUAL_VOLTS>-50.00</ACTUAL_VOLTS>
				<ORG_CPCTNC_PFRD>2.728441E+2</ORG_CPCTNC_PFRD>
				<TEMP_DEGC>23.1</TEMP_DEGC>
				<HUMIDITY_PRCNT>6.7</HUMIDITY_PRCNT>
				<IMP_OHM>3.081507E+5</IMP_OHM>
				<PHS_RAD>-1.242157E+0</PHS_RAD>
				<TIME_SECS>131.71</TIME_SECS>
				<CELL_NR>121</CELL_NR>
			</DATA>
			<DATA>
				<VOLTS>-50.0</VOLTS>
				<CPCTNCE_PFRD>2.751974E+2</CPCTNCE_PFRD>
				<ERR_CPCTNC_PFRD>2.071586E-2</ERR_CPCTNC_PFRD>
				<TOT_CURNT_NANOAMP>-8.10E+1</TOT_CURNT_NANOAMP>
				<ACTUAL_VOLTS>-50.00</ACTUAL_VOLTS>
				<ORG_CPCTNC_PFRD>2.751974E+2</ORG_CPCTNC_PFRD>
				<TEMP_DEGC>23.1</TEMP_DEGC>
				<HUMIDITY_PRCNT>6.7</HUMIDITY_PRCNT>
				<IMP_OHM>3.052470E+5</IMP_OHM>
				<PHS_RAD>-1.244747E+0</PHS_RAD>
				<TIME_SECS>133.05</TIME_SECS>
				<CELL_NR>131</CELL_NR>
			</DATA>
			<DATA>
				<VOLTS>-50.0</VOLTS>
				<CPCTNCE_PFRD>2.491732E+2</CPCTNCE_PFRD>
				<ERR_CPCTNC_PFRD>2.512904E-2</ERR_CPCTNC_PFRD>
				<TOT_CURNT_NANOAMP>-8.10E+1</TOT_CURNT_NANOAMP>
				<ACTUAL_VOLTS>-50.00</ACTUAL_VOLTS>
				<ORG_CPCTNC_PFRD>2.491732E+2</ORG_CPCTNC_PFRD>
				<TEMP_DEGC>23.1</TEMP_DEGC>
				<HUMIDITY_PRCNT>6.8</HUMIDITY_PRCNT>
				<IMP_OHM>3.415757E+5</IMP_OHM>
				<PHS_RAD>-1.208200E+0</PHS_RAD>
				<TIME_SECS>134.43</TIME_SECS>
				<CELL_NR>141</CELL_NR>
			</DATA>
			<DATA>
				<VOLTS>-50.0</VOLTS>
				<CPCTNCE_PFRD>2.710519E+2</CPCTNCE_PFRD>
				<ERR_CPCTNC_PFRD>1.868798E-2</ERR_CPCTNC_PFRD>
				<TOT_CURNT_NANOAMP>-8.10E+1</TOT_CURNT_NANOAMP>
				<ACTUAL_VOLTS>-50.00</ACTUAL_VOLTS>
				<ORG_CPCTNC_PFRD>2.710519E+2</ORG_CPCTNC_PFRD>
				<TEMP_DEGC>23.1</TEMP_DEGC>
				<HUMIDITY_PRCNT>6.8</HUMIDITY_PRCNT>
				<IMP_OHM>3.104033E+5</IMP_OHM>
				<PHS_RAD>-1.240130E+0</PHS_RAD>
				<TIME_SECS>135.77</TIME_SECS>
				<CELL_NR>151</CELL_NR>
			</DATA>
			<DATA>
				<VOLTS>-50.0</VOLTS>
				<CPCTNCE_PFRD>2.768600E+2</CPCTNCE_PFRD>
				<ERR_CPCTNC_PFRD>2.585085E-2</ERR_CPCTNC_PFRD>
				<TOT_CURNT_NANOAMP>-8.10E+1</TOT_CURNT_NANOAMP>
				<ACTUAL_VOLTS>-50.00</ACTUAL_VOLTS>
				<ORG_CPCTNC_PFRD>2.768600E+2</ORG_CPCTNC_PFRD>
				<TEMP_DEGC>23.1</TEMP_DEGC>
				<HUMIDITY_PRCNT>6.8</HUMIDITY_PRCNT>
				<IMP_OHM>3.032197E+5</IMP_OHM>
				<PHS_RAD>-1.246647E+0</PHS_RAD>
				<TIME_SECS>137.13</TIME_SECS>
				<CELL_NR>161</CELL_NR>
			</DATA>
			<DATA>
				<VOLTS>-50.0</VOLTS>
				<CPCTNCE_PFRD>2.710505E+2</CPCTNCE_PFRD>
				<ERR_CPCTNC_PFRD>2.585641E-2</ERR_CPCTNC_PFRD>
				<TOT_CURNT_NANOAMP>-8.10E+1</TOT_CURNT_NANOAMP>
				<ACTUAL_VOLTS>-50.00</ACTUAL_VOLTS>
				<ORG_CPCTNC_PFRD>2.710505E+2</ORG_CPCTNC_PFRD>
				<TEMP_DEGC>23.1</TEMP_DEGC>
				<HUMIDITY_PRCNT>6.8</HUMIDITY_PRCNT>
				<IMP_OHM>3.104807E+5</IMP_OHM>
				<PHS_RAD>-1.239420E+0</PHS_RAD>
				<TIME_SECS>138.49</TIME_SECS>
				<CELL_NR>171</CELL_NR>
			</DATA>
			<DATA>
				<VOLTS>-50.0</VOLTS>
				<CPCTNCE_PFRD>2.715149E+2</CPCTNCE_PFRD>
				<ERR_CPCTNC_PFRD>1.997976E-2</ERR_CPCTNC_PFRD>
				<TOT_CURNT_NANOAMP>-8.10E+1</TOT_CURNT_NANOAMP>
				<ACTUAL_VOLTS>-50.00</ACTUAL_VOLTS>
				<ORG_CPCTNC_PFRD>2.715149E+2</ORG_CPCTNC_PFRD>
				<TEMP_DEGC>23.1</TEMP_DEGC>
				<HUMIDITY_PRCNT>6.8</HUMIDITY_PRCNT>
				<IMP_OHM>3.098177E+5</IMP_OHM>
				<PHS_RAD>-1.240660E+0</PHS_RAD>
				<TIME_SECS>139.84</TIME_SECS>
				<CELL_NR>181</CELL_NR>
			</DATA>
			<DATA>
				<VOLTS>-50.0</VOLTS>
				<CPCTNCE_PFRD>2.761538E+2</CPCTNCE_PFRD>
				<ERR_CPCTNC_PFRD>2.523724E-2</ERR_CPCTNC_PFRD>
				<TOT_CURNT_NANOAMP>-8.10E+1</TOT_CURNT_NANOAMP>
				<ACTUAL_VOLTS>-50.00</ACTUAL_VOLTS>
				<ORG_CPCTNC_PFRD>2.761538E+2</ORG_CPCTNC_PFRD>
				<TEMP_DEGC>23.1</TEMP_DEGC>
				<HUMIDITY_PRCNT>6.8</HUMIDITY_PRCNT>
				<IMP_OHM>3.039597E+5</IMP_OHM>
				<PHS_RAD>-1.246993E+0</PHS_RAD>
				<TIME_SECS>141.21</TIME_SECS>
				<CELL_NR>191</CELL_NR>
			</DATA>
			<DATA>
				<VOLTS>-50.0</VOLTS>
				<CPCTNCE_PFRD>1.872286E+2</CPCTNCE_PFRD>
				<ERR_CPCTNC_PFRD>3.131384E-3</ERR_CPCTNC_PFRD>
				<TOT_CURNT_NANOAMP>-7.54E+1</TOT_CURNT_NANOAMP>
				<ACTUAL_VOLTS>-50.00</ACTUAL_VOLTS>
				<ORG_CPCTNC_PFRD>1.872286E+2</ORG_CPCTNC_PFRD>
				<TEMP_DEGC>23.1</TEMP_DEGC>
				<HUMIDITY_PRCNT>6.8</HUMIDITY_PRCNT>
				<IMP_OHM>4.909897E+5</IMP_OHM>
				<PHS_RAD>-1.046460E+0</PHS_RAD>
				<TIME_SECS>142.57</TIME_SECS>
				<CELL_NR>201</CELL_NR>
			</DATA>
			<DATA>
				<VOLTS>-80.0</VOLTS>
				<CPCTNCE_PFRD>2.121124E+2</CPCTNCE_PFRD>
				<ERR_CPCTNC_PFRD>1.003514E-2</ERR_CPCTNC_PFRD>
				<TOT_CURNT_NANOAMP>-8.53E+1</TOT_CURNT_NANOAMP>
				<ACTUAL_VOLTS>-79.99</ACTUAL_VOLTS>
				<ORG_CPCTNC_PFRD>2.121124E+2</ORG_CPCTNC_PFRD>
				<TEMP_DEGC>23.1</TEMP_DEGC>
				<HUMIDITY_PRCNT>6.8</HUMIDITY_PRCNT>
				<IMP_OHM>4.151430E+5</IMP_OHM>
				<PHS_RAD>-1.128343E+0</PHS_RAD>
				<TIME_SECS>181.17</TIME_SECS>
				<CELL_NR>1</CELL_NR>
			</DATA>
			<DATA>
				<VOLTS>-80.0</VOLTS>
				<CPCTNCE_PFRD>2.390381E+2</CPCTNCE_PFRD>
				<ERR_CPCTNC_PFRD>8.593111E-3</ERR_CPCTNC_PFRD>
				<TOT_CURNT_NANOAMP>-8.70E+1</TOT_CURNT_NANOAMP>
				<ACTUAL_VOLTS>-80.00</ACTUAL_VOLTS>
				<ORG_CPCTNC_PFRD>2.390381E+2</ORG_CPCTNC_PFRD>
				<TEMP_DEGC>23.1</TEMP_DEGC>
				<HUMIDITY_PRCNT>6.7</HUMIDITY_PRCNT>
				<IMP_OHM>3.587090E+5</IMP_OHM>
				<PHS_RAD>-1.189197E+0</PHS_RAD>
				<TIME_SECS>183.38</TIME_SECS>
				<CELL_NR>11</CELL_NR>
			</DATA>
			<DATA>
				<VOLTS>-80.0</VOLTS>
				<CPCTNCE_PFRD>2.464736E+2</CPCTNCE_PFRD>
				<ERR_CPCTNC_PFRD>6.673319E-3</ERR_CPCTNC_PFRD>
				<TOT_CURNT_NANOAMP>-7.81E+1</TOT_CURNT_NANOAMP>
				<ACTUAL_VOLTS>-79.99</ACTUAL_VOLTS>
				<ORG_CPCTNC_PFRD>2.464736E+2</ORG_CPCTNC_PFRD>
				<TEMP_DEGC>23.1</TEMP_DEGC>
				<HUMIDITY_PRCNT>6.7</HUMIDITY_PRCNT>
				<IMP_OHM>3.460633E+5</IMP_OHM>
				<PHS_RAD>-1.202557E+0</PHS_RAD>
				<TIME_SECS>185.84</TIME_SECS>
				<CELL_NR>21</CELL_NR>
			</DATA>
			<DATA>
				<VOLTS>-80.0</VOLTS>
				<CPCTNCE_PFRD>2.452288E+2</CPCTNCE_PFRD>
				<ERR_CPCTNC_PFRD>5.866904E-3</ERR_CPCTNC_PFRD>
				<TOT_CURNT_NANOAMP>-8.63E+1</TOT_CURNT_NANOAMP>
				<ACTUAL_VOLTS>-79.99</ACTUAL_VOLTS>
				<ORG_CPCTNC_PFRD>2.452288E+2</ORG_CPCTNC_PFRD>
				<TEMP_DEGC>23.1</TEMP_DEGC>
				<HUMIDITY_PRCNT>6.7</HUMIDITY_PRCNT>
				<IMP_OHM>3.480807E+5</IMP_OHM>
				<PHS_RAD>-1.200620E+0</PHS_RAD>
				<TIME_SECS>188.28</TIME_SECS>
				<CELL_NR>31</CELL_NR>
			</DATA>
			<DATA>
				<VOLTS>-80.0</VOLTS>
				<CPCTNCE_PFRD>2.436385E+2</CPCTNCE_PFRD>
				<ERR_CPCTNC_PFRD>6.873623E-3</ERR_CPCTNC_PFRD>
				<TOT_CURNT_NANOAMP>-8.78E+1</TOT_CURNT_NANOAMP>
				<ACTUAL_VOLTS>-79.99</ACTUAL_VOLTS>
				<ORG_CPCTNC_PFRD>2.436385E+2</ORG_CPCTNC_PFRD>
				<TEMP_DEGC>23.1</TEMP_DEGC>
				<HUMIDITY_PRCNT>6.7</HUMIDITY_PRCNT>
				<IMP_OHM>3.506680E+5</IMP_OHM>
				<PHS_RAD>-1.198310E+0</PHS_RAD>
				<TIME_SECS>190.72</TIME_SECS>
				<CELL_NR>41</CELL_NR>
			</DATA>
			<DATA>
				<VOLTS>-80.0</VOLTS>
				<CPCTNCE_PFRD>2.491592E+2</CPCTNCE_PFRD>
				<ERR_CPCTNC_PFRD>4.233599E-3</ERR_CPCTNC_PFRD>
				<TOT_CURNT_NANOAMP>-8.14E+1</TOT_CURNT_NANOAMP>
				<ACTUAL_VOLTS>-79.99</ACTUAL_VOLTS>
				<ORG_CPCTNC_PFRD>2.491592E+2</ORG_CPCTNC_PFRD>
				<TEMP_DEGC>23.1</TEMP_DEGC>
				<HUMIDITY_PRCNT>6.7</HUMIDITY_PRCNT>
				<IMP_OHM>3.416623E+5</IMP_OHM>
				<PHS_RAD>-1.207680E+0</PHS_RAD>
				<TIME_SECS>193.18</TIME_SECS>
				<CELL_NR>51</CELL_NR>
			</DATA>
			<DATA>
				<VOLTS>-80.0</VOLTS>
				<CPCTNCE_PFRD>2.297975E+2</CPCTNCE_PFRD>
				<ERR_CPCTNC_PFRD>4.779789E-3</ERR_CPCTNC_PFRD>
				<TOT_CURNT_NANOAMP>-7.96E+1</TOT_CURNT_NANOAMP>
				<ACTUAL_VOLTS>-79.99</ACTUAL_VOLTS>
				<ORG_CPCTNC_PFRD>2.297975E+2</ORG_CPCTNC_PFRD>
				<TEMP_DEGC>23.1</TEMP_DEGC>
				<HUMIDITY_PRCNT>6.7</HUMIDITY_PRCNT>
				<IMP_OHM>3.757993E+5</IMP_OHM>
				<PHS_RAD>-1.171890E+0</PHS_RAD>
				<TIME_SECS>195.63</TIME_SECS>
				<CELL_NR>61</CELL_NR>
			</DATA>
			<DATA>
				<VOLTS>-80.0</VOLTS>
				<CPCTNCE_PFRD>2.448865E+2</CPCTNCE_PFRD>
				<ERR_CPCTNC_PFRD>4.940495E-3</ERR_CPCTNC_PFRD>
				<TOT_CURNT_NANOAMP>-7.69E+1</TOT_CURNT_NANOAMP>
				<ACTUAL_VOLTS>-79.99</ACTUAL_VOLTS>
				<ORG_CPCTNC_PFRD>2.448865E+2</ORG_CPCTNC_PFRD>
				<TEMP_DEGC>23.1</TEMP_DEGC>
				<HUMIDITY_PRCNT>6.7</HUMIDITY_PRCNT>
				<IMP_OHM>3.485293E+5</IMP_OHM>
				<PHS_RAD>-1.200900E+0</PHS_RAD>
				<TIME_SECS>198.09</TIME_SECS>
				<CELL_NR>71</CELL_NR>
			</DATA>
			<DATA>
				<VOLTS>-80.0</VOLTS>
				<CPCTNCE_PFRD>2.530451E+2</CPCTNCE_PFRD>
				<ERR_CPCTNC_PFRD>2.721812E-3</ERR_CPCTNC_PFRD>
				<TOT_CURNT_NANOAMP>-8.39E+1</TOT_CURNT_NANOAMP>
				<ACTUAL_VOLTS>-79.99</ACTUAL_VOLTS>
				<ORG_CPCTNC_PFRD>2.530451E+2</ORG_CPCTNC_PFRD>
				<TEMP_DEGC>23.1</TEMP_DEGC>
				<HUMIDITY_PRCNT>6.7</HUMIDITY_PRCNT>
				<IMP_OHM>3.357237E+5</IMP_OHM>
				<PHS_RAD>-1.213143E+0</PHS_RAD>
				<TIME_SECS>200.54</TIME_SECS>
				<CELL_NR>81</CELL_NR>
			</DATA>
			<DATA>
				<VOLTS>-80.0</VOLTS>
				<CPCTNCE_PFRD>2.429778E+2</CPCTNCE_PFRD>
				<ERR_CPCTNC_PFRD>4.064781E-3</ERR_CPCTNC_PFRD>
				<TOT_CURNT_NANOAMP>-8.45E+1</TOT_CURNT_NANOAMP>
				<ACTUAL_VOLTS>-79.99</ACTUAL_VOLTS>
				<ORG_CPCTNC_PFRD>2.429778E+2</ORG_CPCTNC_PFRD>
				<TEMP_DEGC>23.1</TEMP_DEGC>
				<HUMIDITY_PRCNT>6.7</HUMIDITY_PRCNT>
				<IMP_OHM>3.517013E+5</IMP_OHM>
				<PHS_RAD>-1.197730E+0</PHS_RAD>
				<TIME_SECS>203.01</TIME_SECS>
				<CELL_NR>91</CELL_NR>
			</DATA>
			<DATA>
				<VOLTS>-80.0</VOLTS>
				<CPCTNCE_PFRD>2.455002E+2</CPCTNCE_PFRD>
				<ERR_CPCTNC_PFRD>2.838353E-3</ERR_CPCTNC_PFRD>
				<TOT_CURNT_NANOAMP>-7.19E+1</TOT_CURNT_NANOAMP>
				<ACTUAL_VOLTS>-79.99</ACTUAL_VOLTS>
				<ORG_CPCTNC_PFRD>2.455002E+2</ORG_CPCTNC_PFRD>
				<TEMP_DEGC>23.1</TEMP_DEGC>
				<HUMIDITY_PRCNT>6.7</HUMIDITY_PRCNT>
				<IMP_OHM>3.474757E+5</IMP_OHM>
				<PHS_RAD>-1.202257E+0</PHS_RAD>
				<TIME_SECS>205.44</TIME_SECS>
				<CELL_NR>101</CELL_NR>
			</DATA>
			<DATA>
				<VOLTS>-80.0</VOLTS>
				<CPCTNCE_PFRD>2.198650E+2</CPCTNCE_PFRD>
				<ERR_CPCTNC_PFRD>1.983272E-2</ERR_CPCTNC_PFRD>
				<TOT_CURNT_NANOAMP>-7.19E+1</TOT_CURNT_NANOAMP>
				<ACTUAL_VOLTS>-79.99</ACTUAL_VOLTS>
				<ORG_CPCTNC_PFRD>2.198650E+2</ORG_CPCTNC_PFRD>
				<TEMP_DEGC>23.1</TEMP_DEGC>
				<HUMIDITY_PRCNT>6.7</HUMIDITY_PRCNT>
				<IMP_OHM>3.966510E+5</IMP_OHM>
				<PHS_RAD>-1.149317E+0</PHS_RAD>
				<TIME_SECS>207.90</TIME_SECS>
				<CELL_NR>111</CELL_NR>
			</DATA>
			<DATA>
				<VOLTS>-80.0</VOLTS>
				<CPCTNCE_PFRD>2.533303E+2</CPCTNCE_PFRD>
				<ERR_CPCTNC_PFRD>2.329869E-2</ERR_CPCTNC_PFRD>
				<TOT_CURNT_NANOAMP>-7.19E+1</TOT_CURNT_NANOAMP>
				<ACTUAL_VOLTS>-79.99</ACTUAL_VOLTS>
				<ORG_CPCTNC_PFRD>2.533303E+2</ORG_CPCTNC_PFRD>
				<TEMP_DEGC>23.1</TEMP_DEGC>
				<HUMIDITY_PRCNT>6.7</HUMIDITY_PRCNT>
				<IMP_OHM>3.351303E+5</IMP_OHM>
				<PHS_RAD>-1.214867E+0</PHS_RAD>
				<TIME_SECS>209.26</TIME_SECS>
				<CELL_NR>121</CELL_NR>
			</DATA>
			<DATA>
				<VOLTS>-80.0</VOLTS>
				<CPCTNCE_PFRD>2.557528E+2</CPCTNCE_PFRD>
				<ERR_CPCTNC_PFRD>2.500702E-2</ERR_CPCTNC_PFRD>
				<TOT_CURNT_NANOAMP>-7.19E+1</TOT_CURNT_NANOAMP>
				<ACTUAL_VOLTS>-79.99</ACTUAL_VOLTS>
				<ORG_CPCTNC_PFRD>2.557528E+2</ORG_CPCTNC_PFRD>
				<TEMP_DEGC>23.1</TEMP_DEGC>
				<HUMIDITY_PRCNT>6.6</HUMIDITY_PRCNT>
				<IMP_OHM>3.314880E+5</IMP_OHM>
				<PHS_RAD>-1.218683E+0</PHS_RAD>
				<TIME_SECS>210.62</TIME_SECS>
				<CELL_NR>131</CELL_NR>
			</DATA>
			<DATA>
				<VOLTS>-80.0</VOLTS>
				<CPCTNCE_PFRD>2.358936E+2</CPCTNCE_PFRD>
				<ERR_CPCTNC_PFRD>2.278763E-2</ERR_CPCTNC_PFRD>
				<TOT_CURNT_NANOAMP>-7.19E+1</TOT_CURNT_NANOAMP>
				<ACTUAL_VOLTS>-79.99</ACTUAL_VOLTS>
				<ORG_CPCTNC_PFRD>2.358936E+2</ORG_CPCTNC_PFRD>
				<TEMP_DEGC>23.1</TEMP_DEGC>
				<HUMIDITY_PRCNT>6.6</HUMIDITY_PRCNT>
				<IMP_OHM>3.641030E+5</IMP_OHM>
				<PHS_RAD>-1.185027E+0</PHS_RAD>
				<TIME_SECS>211.98</TIME_SECS>
				<CELL_NR>141</CELL_NR>
			</DATA>
			<DATA>
				<VOLTS>-80.0</VOLTS>
				<CPCTNCE_PFRD>2.516678E+2</CPCTNCE_PFRD>
				<ERR_CPCTNC_PFRD>2.371488E-2</ERR_CPCTNC_PFRD>
				<TOT_CURNT_NANOAMP>-7.19E+1</TOT_CURNT_NANOAMP>
				<ACTUAL_VOLTS>-79.99</ACTUAL_VOLTS>
				<ORG_CPCTNC_PFRD>2.516678E+2</ORG_CPCTNC_PFRD>
				<TEMP_DEGC>23.1</TEMP_DEGC>
				<HUMIDITY_PRCNT>6.7</HUMIDITY_PRCNT>
				<IMP_OHM>3.376333E+5</IMP_OHM>
				<PHS_RAD>-1.212570E+0</PHS_RAD>
				<TIME_SECS>213.34</TIME_SECS>
				<CELL_NR>151</CELL_NR>
			</DATA>
			<DATA>
				<VOLTS>-80.0</VOLTS>
				<CPCTNCE_PFRD>2.575832E+2</CPCTNCE_PFRD>
				<ERR_CPCTNC_PFRD>7.416817E-3</ERR_CPCTNC_PFRD>
				<TOT_CURNT_NANOAMP>-7.19E+1</TOT_CURNT_NANOAMP>
				<ACTUAL_VOLTS>-79.99</ACTUAL_VOLTS>
				<ORG_CPCTNC_PFRD>2.575832E+2</ORG_CPCTNC_PFRD>
				<TEMP_DEGC>23.1</TEMP_DEGC>
				<HUMIDITY_PRCNT>6.7</HUMIDITY_PRCNT>
				<IMP_OHM>3.288023E+5</IMP_OHM>
				<PHS_RAD>-1.221427E+0</PHS_RAD>
				<TIME_SECS>214.69</TIME_SECS>
				<CELL_NR>161</CELL_NR>
			</DATA>
			<DATA>
				<VOLTS>-80.0</VOLTS>
				<CPCTNCE_PFRD>2.522830E+2</CPCTNCE_PFRD>
				<ERR_CPCTNC_PFRD>1.804773E-2</ERR_CPCTNC_PFRD>
				<TOT_CURNT_NANOAMP>-7.19E+1</TOT_CURNT_NANOAMP>
				<ACTUAL_VOLTS>-79.99</ACTUAL_VOLTS>
				<ORG_CPCTNC_PFRD>2.522830E+2</ORG_CPCTNC_PFRD>
				<TEMP_DEGC>23.1</TEMP_DEGC>
				<HUMIDITY_PRCNT>6.7</HUMIDITY_PRCNT>
				<IMP_OHM>3.366837E+5</IMP_OHM>
				<PHS_RAD>-1.213573E+0</PHS_RAD>
				<TIME_SECS>215.81</TIME_SECS>
				<CELL_NR>171</CELL_NR>
			</DATA>
			<DATA>
				<VOLTS>-80.0</VOLTS>
				<CPCTNCE_PFRD>2.527859E+2</CPCTNCE_PFRD>
				<ERR_CPCTNC_PFRD>1.912384E-2</ERR_CPCTNC_PFRD>
				<TOT_CURNT_NANOAMP>-7.19E+1</TOT_CURNT_NANOAMP>
				<ACTUAL_VOLTS>-79.99</ACTUAL_VOLTS>
				<ORG_CPCTNC_PFRD>2.527859E+2</ORG_CPCTNC_PFRD>
				<TEMP_DEGC>23.1</TEMP_DEGC>
				<HUMIDITY_PRCNT>6.7</HUMIDITY_PRCNT>
				<IMP_OHM>3.358917E+5</IMP_OHM>
				<PHS_RAD>-1.214550E+0</PHS_RAD>
				<TIME_SECS>217.16</TIME_SECS>
				<CELL_NR>181</CELL_NR>
			</DATA>
			<DATA>
				<VOLTS>-80.0</VOLTS>
				<CPCTNCE_PFRD>2.574974E+2</CPCTNCE_PFRD>
				<ERR_CPCTNC_PFRD>2.161155E-2</ERR_CPCTNC_PFRD>
				<TOT_CURNT_NANOAMP>-7.19E+1</TOT_CURNT_NANOAMP>
				<ACTUAL_VOLTS>-79.99</ACTUAL_VOLTS>
				<ORG_CPCTNC_PFRD>2.574974E+2</ORG_CPCTNC_PFRD>
				<TEMP_DEGC>23.1</TEMP_DEGC>
				<HUMIDITY_PRCNT>6.7</HUMIDITY_PRCNT>
				<IMP_OHM>3.288680E+5</IMP_OHM>
				<PHS_RAD>-1.221793E+0</PHS_RAD>
				<TIME_SECS>218.52</TIME_SECS>
				<CELL_NR>191</CELL_NR>
			</DATA>
			<DATA>
				<VOLTS>-80.0</VOLTS>
				<CPCTNCE_PFRD>1.872463E+2</CPCTNCE_PFRD>
				<ERR_CPCTNC_PFRD>4.707553E-3</ERR_CPCTNC_PFRD>
				<TOT_CURNT_NANOAMP>-8.22E+1</TOT_CURNT_NANOAMP>
				<ACTUAL_VOLTS>-80.00</ACTUAL_VOLTS>
				<ORG_CPCTNC_PFRD>1.872463E+2</ORG_CPCTNC_PFRD>
				<TEMP_DEGC>23.1</TEMP_DEGC>
				<HUMIDITY_PRCNT>6.7</HUMIDITY_PRCNT>
				<IMP_OHM>4.909803E+5</IMP_OHM>
				<PHS_RAD>-1.046330E+0</PHS_RAD>
				<TIME_SECS>219.89</TIME_SECS>
				<CELL_NR>201</CELL_NR>
			</DATA>
			<DATA>
				<VOLTS>-100.0</VOLTS>
				<CPCTNCE_PFRD>2.087422E+2</CPCTNCE_PFRD>
				<ERR_CPCTNC_PFRD>8.476328E-3</ERR_CPCTNC_PFRD>
				<TOT_CURNT_NANOAMP>-8.04E+1</TOT_CURNT_NANOAMP>
				<ACTUAL_VOLTS>-100.00</ACTUAL_VOLTS>
				<ORG_CPCTNC_PFRD>2.087422E+2</ORG_CPCTNC_PFRD>
				<TEMP_DEGC>23.1</TEMP_DEGC>
				<HUMIDITY_PRCNT>6.7</HUMIDITY_PRCNT>
				<IMP_OHM>4.237213E+5</IMP_OHM>
				<PHS_RAD>-1.119090E+0</PHS_RAD>
				<TIME_SECS>256.85</TIME_SECS>
				<CELL_NR>1</CELL_NR>
			</DATA>
			<DATA>
				<VOLTS>-100.0</VOLTS>
				<CPCTNCE_PFRD>2.318838E+2</CPCTNCE_PFRD>
				<ERR_CPCTNC_PFRD>8.659911E-3</ERR_CPCTNC_PFRD>
				<TOT_CURNT_NANOAMP>-8.89E+1</TOT_CURNT_NANOAMP>
				<ACTUAL_VOLTS>-100.00</ACTUAL_VOLTS>
				<ORG_CPCTNC_PFRD>2.318838E+2</ORG_CPCTNC_PFRD>
				<TEMP_DEGC>23.1</TEMP_DEGC>
				<HUMIDITY_PRCNT>6.7</HUMIDITY_PRCNT>
				<IMP_OHM>3.718790E+5</IMP_OHM>
				<PHS_RAD>-1.175343E+0</PHS_RAD>
				<TIME_SECS>259.01</TIME_SECS>
				<CELL_NR>11</CELL_NR>
			</DATA>
			<DATA>
				<VOLTS>-100.0</VOLTS>
				<CPCTNCE_PFRD>2.392042E+2</CPCTNCE_PFRD>
				<ERR_CPCTNC_PFRD>4.933762E-3</ERR_CPCTNC_PFRD>
				<TOT_CURNT_NANOAMP>-8.53E+1</TOT_CURNT_NANOAMP>
				<ACTUAL_VOLTS>-100.00</ACTUAL_VOLTS>
				<ORG_CPCTNC_PFRD>2.392042E+2</ORG_CPCTNC_PFRD>
				<TEMP_DEGC>23.1</TEMP_DEGC>
				<HUMIDITY_PRCNT>6.7</HUMIDITY_PRCNT>
				<IMP_OHM>3.583913E+5</IMP_OHM>
				<PHS_RAD>-1.189673E+0</PHS_RAD>
				<TIME_SECS>261.47</TIME_SECS>
				<CELL_NR>21</CELL_NR>
			</DATA>
			<DATA>
				<VOLTS>-100.0</VOLTS>
				<CPCTNCE_PFRD>2.379597E+2</CPCTNCE_PFRD>
				<ERR_CPCTNC_PFRD>4.251922E-3</ERR_CPCTNC_PFRD>
				<TOT_CURNT_NANOAMP>-9.28E+1</TOT_CURNT_NANOAMP>
				<ACTUAL_VOLTS>-100.00</ACTUAL_VOLTS>
				<ORG_CPCTNC_PFRD>2.379597E+2</ORG_CPCTNC_PFRD>
				<TEMP_DEGC>23.1</TEMP_DEGC>
				<HUMIDITY_PRCNT>6.7</HUMIDITY_PRCNT>
				<IMP_OHM>3.605700E+5</IMP_OHM>
				<PHS_RAD>-1.187573E+0</PHS_RAD>
				<TIME_SECS>263.90</TIME_SECS>
				<CELL_NR>31</CELL_NR>
			</DATA>
			<DATA>
				<VOLTS>-100.0</VOLTS>
				<CPCTNCE_PFRD>2.364101E+2</CPCTNCE_PFRD>
				<ERR_CPCTNC_PFRD>4.904734E-3</ERR_CPCTNC_PFRD>
				<TOT_CURNT_NANOAMP>-8.18E+1</TOT_CURNT_NANOAMP>
				<ACTUAL_VOLTS>-100.00</ACTUAL_VOLTS>
				<ORG_CPCTNC_PFRD>2.364101E+2</ORG_CPCTNC_PFRD>
				<TEMP_DEGC>23.1</TEMP_DEGC>
				<HUMIDITY_PRCNT>6.7</HUMIDITY_PRCNT>
				<IMP_OHM>3.633007E+5</IMP_OHM>
				<PHS_RAD>-1.185073E+0</PHS_RAD>
				<TIME_SECS>266.35</TIME_SECS>
				<CELL_NR>41</CELL_NR>
			</DATA>
			<DATA>
				<VOLTS>-100.0</VOLTS>
				<CPCTNCE_PFRD>2.415413E+2</CPCTNCE_PFRD>
				<ERR_CPCTNC_PFRD>4.064791E-3</ERR_CPCTNC_PFRD>
				<TOT_CURNT_NANOAMP>-8.43E+1</TOT_CURNT_NANOAMP>
				<ACTUAL_VOLTS>-100.00</ACTUAL_VOLTS>
				<ORG_CPCTNC_PFRD>2.415413E+2</ORG_CPCTNC_PFRD>
				<TEMP_DEGC>23.1</TEMP_DEGC>
				<HUMIDITY_PRCNT>6.7</HUMIDITY_PRCNT>
				<IMP_OHM>3.542207E+5</IMP_OHM>
				<PHS_RAD>-1.194657E+0</PHS_RAD>
				<TIME_SECS>268.81</TIME_SECS>
				<CELL_NR>51</CELL_NR>
			</DATA>
			<DATA>
				<VOLTS>-100.0</VOLTS>
				<CPCTNCE_PFRD>2.244532E+2</CPCTNCE_PFRD>
				<ERR_CPCTNC_PFRD>4.958906E-3</ERR_CPCTNC_PFRD>
				<TOT_CURNT_NANOAMP>-8.09E+1</TOT_CURNT_NANOAMP>
				<ACTUAL_VOLTS>-100.00</ACTUAL_VOLTS>
				<ORG_CPCTNC_PFRD>2.244532E+2</ORG_CPCTNC_PFRD>
				<TEMP_DEGC>23.1</TEMP_DEGC>
				<HUMIDITY_PRCNT>6.7</HUMIDITY_PRCNT>
				<IMP_OHM>3.866520E+5</IMP_OHM>
				<PHS_RAD>-1.160360E+0</PHS_RAD>
				<TIME_SECS>271.27</TIME_SECS>
				<CELL_NR>61</CELL_NR>
			</DATA>
			<DATA>
				<VOLTS>-100.0</VOLTS>
				<CPCTNCE_PFRD>2.376249E+2</CPCTNCE_PFRD>
				<ERR_CPCTNC_PFRD>4.734925E-3</ERR_CPCTNC_PFRD>
				<TOT_CURNT_NANOAMP>-8.25E+1</TOT_CURNT_NANOAMP>
				<ACTUAL_VOLTS>-100.00</ACTUAL_VOLTS>
				<ORG_CPCTNC_PFRD>2.376249E+2</ORG_CPCTNC_PFRD>
				<TEMP_DEGC>23.1</TEMP_DEGC>
				<HUMIDITY_PRCNT>6.7</HUMIDITY_PRCNT>
				<IMP_OHM>3.610460E+5</IMP_OHM>
				<PHS_RAD>-1.187793E+0</PHS_RAD>
				<TIME_SECS>273.73</TIME_SECS>
				<CELL_NR>71</CELL_NR>
			</DATA>
			<DATA>
				<VOLTS>-100.0</VOLTS>
				<CPCTNCE_PFRD>2.455675E+2</CPCTNCE_PFRD>
				<ERR_CPCTNC_PFRD>2.872190E-3</ERR_CPCTNC_PFRD>
				<TOT_CURNT_NANOAMP>-8.60E+1</TOT_CURNT_NANOAMP>
				<ACTUAL_VOLTS>-100.00</ACTUAL_VOLTS>
				<ORG_CPCTNC_PFRD>2.455675E+2</ORG_CPCTNC_PFRD>
				<TEMP_DEGC>23.1</TEMP_DEGC>
				<HUMIDITY_PRCNT>6.7</HUMIDITY_PRCNT>
				<IMP_OHM>3.475400E+5</IMP_OHM>
				<PHS_RAD>-1.201070E+0</PHS_RAD>
				<TIME_SECS>276.17</TIME_SECS>
				<CELL_NR>81</CELL_NR>
			</DATA>
			<DATA>
				<VOLTS>-100.0</VOLTS>
				<CPCTNCE_PFRD>2.357499E+2</CPCTNCE_PFRD>
				<ERR_CPCTNC_PFRD>3.703995E-3</ERR_CPCTNC_PFRD>
				<TOT_CURNT_NANOAMP>-8.32E+1</TOT_CURNT_NANOAMP>
				<ACTUAL_VOLTS>-100.00</ACTUAL_VOLTS>
				<ORG_CPCTNC_PFRD>2.357499E+2</ORG_CPCTNC_PFRD>
				<TEMP_DEGC>23.1</TEMP_DEGC>
				<HUMIDITY_PRCNT>6.7</HUMIDITY_PRCNT>
				<IMP_OHM>3.644153E+5</IMP_OHM>
				<PHS_RAD>-1.184417E+0</PHS_RAD>
				<TIME_SECS>278.62</TIME_SECS>
				<CELL_NR>91</CELL_NR>
			</DATA>
			<DATA>
				<VOLTS>-100.0</VOLTS>
				<CPCTNCE_PFRD>2.382262E+2</CPCTNCE_PFRD>
				<ERR_CPCTNC_PFRD>1.982613E-3</ERR_CPCTNC_PFRD>
				<TOT_CURNT_NANOAMP>-8.27E+1</TOT_CURNT_NANOAMP>
				<ACTUAL_VOLTS>-100.00</ACTUAL_VOLTS>
				<ORG_CPCTNC_PFRD>2.382262E+2</ORG_CPCTNC_PFRD>
				<TEMP_DEGC>23.1</TEMP_DEGC>
				<HUMIDITY_PRCNT>6.7</HUMIDITY_PRCNT>
				<IMP_OHM>3.599180E+5</IMP_OHM>
				<PHS_RAD>-1.189290E+0</PHS_RAD>
				<TIME_SECS>281.10</TIME_SECS>
				<CELL_NR>101</CELL_NR>
			</DATA>
			<DATA>
				<VOLTS>-100.0</VOLTS>
				<CPCTNCE_PFRD>2.164174E+2</CPCTNCE_PFRD>
				<ERR_CPCTNC_PFRD>2.536773E-2</ERR_CPCTNC_PFRD>
				<TOT_CURNT_NANOAMP>-8.27E+1</TOT_CURNT_NANOAMP>
				<ACTUAL_VOLTS>-100.00</ACTUAL_VOLTS>
				<ORG_CPCTNC_PFRD>2.164174E+2</ORG_CPCTNC_PFRD>
				<TEMP_DEGC>23.1</TEMP_DEGC>
				<HUMIDITY_PRCNT>6.7</HUMIDITY_PRCNT>
				<IMP_OHM>4.045073E+5</IMP_OHM>
				<PHS_RAD>-1.140917E+0</PHS_RAD>
				<TIME_SECS>283.53</TIME_SECS>
				<CELL_NR>111</CELL_NR>
			</DATA>
			<DATA>
				<VOLTS>-100.0</VOLTS>
				<CPCTNCE_PFRD>2.459683E+2</CPCTNCE_PFRD>
				<ERR_CPCTNC_PFRD>2.231847E-2</ERR_CPCTNC_PFRD>
				<TOT_CURNT_NANOAMP>-8.27E+1</TOT_CURNT_NANOAMP>
				<ACTUAL_VOLTS>-100.00</ACTUAL_VOLTS>
				<ORG_CPCTNC_PFRD>2.459683E+2</ORG_CPCTNC_PFRD>
				<TEMP_DEGC>23.1</TEMP_DEGC>
				<HUMIDITY_PRCNT>6.7</HUMIDITY_PRCNT>
				<IMP_OHM>3.467323E+5</IMP_OHM>
				<PHS_RAD>-1.202870E+0</PHS_RAD>
				<TIME_SECS>284.88</TIME_SECS>
				<CELL_NR>121</CELL_NR>
			</DATA>
			<DATA>
				<VOLTS>-100.0</VOLTS>
				<CPCTNCE_PFRD>2.483461E+2</CPCTNCE_PFRD>
				<ERR_CPCTNC_PFRD>2.079274E-2</ERR_CPCTNC_PFRD>
				<TOT_CURNT_NANOAMP>-8.27E+1</TOT_CURNT_NANOAMP>
				<ACTUAL_VOLTS>-100.00</ACTUAL_VOLTS>
				<ORG_CPCTNC_PFRD>2.483461E+2</ORG_CPCTNC_PFRD>
				<TEMP_DEGC>23.1</TEMP_DEGC>
				<HUMIDITY_PRCNT>6.7</HUMIDITY_PRCNT>
				<IMP_OHM>3.428740E+5</IMP_OHM>
				<PHS_RAD>-1.206967E+0</PHS_RAD>
				<TIME_SECS>286.24</TIME_SECS>
				<CELL_NR>131</CELL_NR>
			</DATA>
			<DATA>
				<VOLTS>-100.0</VOLTS>
				<CPCTNCE_PFRD>2.308589E+2</CPCTNCE_PFRD>
				<ERR_CPCTNC_PFRD>2.575555E-2</ERR_CPCTNC_PFRD>
				<TOT_CURNT_NANOAMP>-8.27E+1</TOT_CURNT_NANOAMP>
				<ACTUAL_VOLTS>-100.00</ACTUAL_VOLTS>
				<ORG_CPCTNC_PFRD>2.308589E+2</ORG_CPCTNC_PFRD>
				<TEMP_DEGC>23.1</TEMP_DEGC>
				<HUMIDITY_PRCNT>6.7</HUMIDITY_PRCNT>
				<IMP_OHM>3.735773E+5</IMP_OHM>
				<PHS_RAD>-1.175040E+0</PHS_RAD>
				<TIME_SECS>287.60</TIME_SECS>
				<CELL_NR>141</CELL_NR>
			</DATA>
			<DATA>
				<VOLTS>-100.0</VOLTS>
				<CPCTNCE_PFRD>2.443240E+2</CPCTNCE_PFRD>
				<ERR_CPCTNC_PFRD>2.063284E-2</ERR_CPCTNC_PFRD>
				<TOT_CURNT_NANOAMP>-8.27E+1</TOT_CURNT_NANOAMP>
				<ACTUAL_VOLTS>-100.00</ACTUAL_VOLTS>
				<ORG_CPCTNC_PFRD>2.443240E+2</ORG_CPCTNC_PFRD>
				<TEMP_DEGC>23.1</TEMP_DEGC>
				<HUMIDITY_PRCNT>6.7</HUMIDITY_PRCNT>
				<IMP_OHM>3.493987E+5</IMP_OHM>
				<PHS_RAD>-1.200407E+0</PHS_RAD>
				<TIME_SECS>288.95</TIME_SECS>
				<CELL_NR>151</CELL_NR>
			</DATA>
			<DATA>
				<VOLTS>-100.0</VOLTS>
				<CPCTNCE_PFRD>2.501851E+2</CPCTNCE_PFRD>
				<ERR_CPCTNC_PFRD>2.397470E-2</ERR_CPCTNC_PFRD>
				<TOT_CURNT_NANOAMP>-8.27E+1</TOT_CURNT_NANOAMP>
				<ACTUAL_VOLTS>-100.00</ACTUAL_VOLTS>
				<ORG_CPCTNC_PFRD>2.501851E+2</ORG_CPCTNC_PFRD>
				<TEMP_DEGC>23.1</TEMP_DEGC>
				<HUMIDITY_PRCNT>6.7</HUMIDITY_PRCNT>
				<IMP_OHM>3.399660E+5</IMP_OHM>
				<PHS_RAD>-1.209973E+0</PHS_RAD>
				<TIME_SECS>290.29</TIME_SECS>
				<CELL_NR>161</CELL_NR>
			</DATA>
			<DATA>
				<VOLTS>-100.0</VOLTS>
				<CPCTNCE_PFRD>2.450105E+2</CPCTNCE_PFRD>
				<ERR_CPCTNC_PFRD>1.737913E-2</ERR_CPCTNC_PFRD>
				<TOT_CURNT_NANOAMP>-8.27E+1</TOT_CURNT_NANOAMP>
				<ACTUAL_VOLTS>-100.00</ACTUAL_VOLTS>
				<ORG_CPCTNC_PFRD>2.450105E+2</ORG_CPCTNC_PFRD>
				<TEMP_DEGC>23.1</TEMP_DEGC>
				<HUMIDITY_PRCNT>6.7</HUMIDITY_PRCNT>
				<IMP_OHM>3.482667E+5</IMP_OHM>
				<PHS_RAD>-1.201540E+0</PHS_RAD>
				<TIME_SECS>291.65</TIME_SECS>
				<CELL_NR>171</CELL_NR>
			</DATA>
			<DATA>
				<VOLTS>-100.0</VOLTS>
				<CPCTNCE_PFRD>2.454997E+2</CPCTNCE_PFRD>
				<ERR_CPCTNC_PFRD>2.696979E-2</ERR_CPCTNC_PFRD>
				<TOT_CURNT_NANOAMP>-8.27E+1</TOT_CURNT_NANOAMP>
				<ACTUAL_VOLTS>-100.00</ACTUAL_VOLTS>
				<ORG_CPCTNC_PFRD>2.454997E+2</ORG_CPCTNC_PFRD>
				<TEMP_DEGC>23.1</TEMP_DEGC>
				<HUMIDITY_PRCNT>6.7</HUMIDITY_PRCNT>
				<IMP_OHM>3.474277E+5</IMP_OHM>
				<PHS_RAD>-1.202620E+0</PHS_RAD>
				<TIME_SECS>292.99</TIME_SECS>
				<CELL_NR>181</CELL_NR>
			</DATA>
			<DATA>
				<VOLTS>-100.0</VOLTS>
				<CPCTNCE_PFRD>2.500714E+2</CPCTNCE_PFRD>
				<ERR_CPCTNC_PFRD>1.568150E-3</ERR_CPCTNC_PFRD>
				<TOT_CURNT_NANOAMP>-8.27E+1</TOT_CURNT_NANOAMP>
				<ACTUAL_VOLTS>-100.00</ACTUAL_VOLTS>
				<ORG_CPCTNC_PFRD>2.500714E+2</ORG_CPCTNC_PFRD>
				<TEMP_DEGC>23.1</TEMP_DEGC>
				<HUMIDITY_PRCNT>6.7</HUMIDITY_PRCNT>
				<IMP_OHM>3.400880E+5</IMP_OHM>
				<PHS_RAD>-1.210227E+0</PHS_RAD>
				<TIME_SECS>294.34</TIME_SECS>
				<CELL_NR>191</CELL_NR>
			</DATA>
			<DATA>
				<VOLTS>-100.0</VOLTS>
				<CPCTNCE_PFRD>1.872515E+2</CPCTNCE_PFRD>
				<ERR_CPCTNC_PFRD>2.266990E-3</ERR_CPCTNC_PFRD>
				<TOT_CURNT_NANOAMP>-8.09E+1</TOT_CURNT_NANOAMP>
				<ACTUAL_VOLTS>-100.00</ACTUAL_VOLTS>
				<ORG_CPCTNC_PFRD>1.872515E+2</ORG_CPCTNC_PFRD>
				<TEMP_DEGC>23.1</TEMP_DEGC>
				<HUMIDITY_PRCNT>6.7</HUMIDITY_PRCNT>
				<IMP_OHM>4.909827E+5</IMP_OHM>
				<PHS_RAD>-1.046273E+0</PHS_RAD>
				<TIME_SECS>295.46</TIME_SECS>
				<CELL_NR>201</CELL_NR>
			</DATA>
			<DATA>
				<VOLTS>-120.0</VOLTS>
				<CPCTNCE_PFRD>2.073630E+2</CPCTNCE_PFRD>
				<ERR_CPCTNC_PFRD>9.650607E-3</ERR_CPCTNC_PFRD>
				<TOT_CURNT_NANOAMP>-1.02E+2</TOT_CURNT_NANOAMP>
				<ACTUAL_VOLTS>-120.01</ACTUAL_VOLTS>
				<ORG_CPCTNC_PFRD>2.073630E+2</ORG_CPCTNC_PFRD>
				<TEMP_DEGC>23.1</TEMP_DEGC>
				<HUMIDITY_PRCNT>6.7</HUMIDITY_PRCNT>
				<IMP_OHM>4.273767E+5</IMP_OHM>
				<PHS_RAD>-1.115070E+0</PHS_RAD>
				<TIME_SECS>332.43</TIME_SECS>
				<CELL_NR>1</CELL_NR>
			</DATA>
			<DATA>
				<VOLTS>-120.0</VOLTS>
				<CPCTNCE_PFRD>2.283652E+2</CPCTNCE_PFRD>
				<ERR_CPCTNC_PFRD>8.043508E-3</ERR_CPCTNC_PFRD>
				<TOT_CURNT_NANOAMP>-8.93E+1</TOT_CURNT_NANOAMP>
				<ACTUAL_VOLTS>-120.01</ACTUAL_VOLTS>
				<ORG_CPCTNC_PFRD>2.283652E+2</ORG_CPCTNC_PFRD>
				<TEMP_DEGC>23.1</TEMP_DEGC>
				<HUMIDITY_PRCNT>6.7</HUMIDITY_PRCNT>
				<IMP_OHM>3.787710E+5</IMP_OHM>
				<PHS_RAD>-1.168057E+0</PHS_RAD>
				<TIME_SECS>334.78</TIME_SECS>
				<CELL_NR>11</CELL_NR>
			</DATA>
			<DATA>
				<VOLTS>-120.0</VOLTS>
				<CPCTNCE_PFRD>2.355748E+2</CPCTNCE_PFRD>
				<ERR_CPCTNC_PFRD>8.105932E-3</ERR_CPCTNC_PFRD>
				<TOT_CURNT_NANOAMP>-8.80E+1</TOT_CURNT_NANOAMP>
				<ACTUAL_VOLTS>-120.01</ACTUAL_VOLTS>
				<ORG_CPCTNC_PFRD>2.355748E+2</ORG_CPCTNC_PFRD>
				<TEMP_DEGC>23.1</TEMP_DEGC>
				<HUMIDITY_PRCNT>6.7</HUMIDITY_PRCNT>
				<IMP_OHM>3.649227E+5</IMP_OHM>
				<PHS_RAD>-1.182827E+0</PHS_RAD>
				<TIME_SECS>337.21</TIME_SECS>
				<CELL_NR>21</CELL_NR>
			</DATA>
			<DATA>
				<VOLTS>-120.0</VOLTS>
				<CPCTNCE_PFRD>2.342877E+2</CPCTNCE_PFRD>
				<ERR_CPCTNC_PFRD>6.842159E-3</ERR_CPCTNC_PFRD>
				<TOT_CURNT_NANOAMP>-9.77E+1</TOT_CURNT_NANOAMP>
				<ACTUAL_VOLTS>-120.01</ACTUAL_VOLTS>
				<ORG_CPCTNC_PFRD>2.342877E+2</ORG_CPCTNC_PFRD>
				<TEMP_DEGC>23.1</TEMP_DEGC>
				<HUMIDITY_PRCNT>6.7</HUMIDITY_PRCNT>
				<IMP_OHM>3.672727E+5</IMP_OHM>
				<PHS_RAD>-1.180533E+0</PHS_RAD>
				<TIME_SECS>339.67</TIME_SECS>
				<CELL_NR>31</CELL_NR>
			</DATA>
			<DATA>
				<VOLTS>-120.0</VOLTS>
				<CPCTNCE_PFRD>2.327107E+2</CPCTNCE_PFRD>
				<ERR_CPCTNC_PFRD>6.029242E-3</ERR_CPCTNC_PFRD>
				<TOT_CURNT_NANOAMP>-9.04E+1</TOT_CURNT_NANOAMP>
				<ACTUAL_VOLTS>-120.01</ACTUAL_VOLTS>
				<ORG_CPCTNC_PFRD>2.327107E+2</ORG_CPCTNC_PFRD>
				<TEMP_DEGC>23.1</TEMP_DEGC>
				<HUMIDITY_PRCNT>6.7</HUMIDITY_PRCNT>
				<IMP_OHM>3.701730E+5</IMP_OHM>
				<PHS_RAD>-1.177840E+0</PHS_RAD>
				<TIME_SECS>342.13</TIME_SECS>
				<CELL_NR>41</CELL_NR>
			</DATA>
			<DATA>
				<VOLTS>-120.0</VOLTS>
				<CPCTNCE_PFRD>2.380014E+2</CPCTNCE_PFRD>
				<ERR_CPCTNC_PFRD>7.159500E-3</ERR_CPCTNC_PFRD>
				<TOT_CURNT_NANOAMP>-9.81E+1</TOT_CURNT_NANOAMP>
				<ACTUAL_VOLTS>-120.01</ACTUAL_VOLTS>
				<ORG_CPCTNC_PFRD>2.380014E+2</ORG_CPCTNC_PFRD>
				<TEMP_DEGC>23.1</TEMP_DEGC>
				<HUMIDITY_PRCNT>6.7</HUMIDITY_PRCNT>
				<IMP_OHM>3.604220E+5</IMP_OHM>
				<PHS_RAD>-1.188157E+0</PHS_RAD>
				<TIME_SECS>344.58</TIME_SECS>
				<CELL_NR>51</CELL_NR>
			</DATA>
			<DATA>
				<VOLTS>-120.0</VOLTS>
				<CPCTNCE_PFRD>2.215272E+2</CPCTNCE_PFRD>
				<ERR_CPCTNC_PFRD>5.649303E-3</ERR_CPCTNC_PFRD>
				<TOT_CURNT_NANOAMP>-9.55E+1</TOT_CURNT_NANOAMP>
				<ACTUAL_VOLTS>-120.01</ACTUAL_VOLTS>
				<ORG_CPCTNC_PFRD>2.215272E+2</ORG_CPCTNC_PFRD>
				<TEMP_DEGC>23.1</TEMP_DEGC>
				<HUMIDITY_PRCNT>6.7</HUMIDITY_PRCNT>
				<IMP_OHM>3.929150E+5</IMP_OHM>
				<PHS_RAD>-1.153650E+0</PHS_RAD>
				<TIME_SECS>347.04</TIME_SECS>
				<CELL_NR>61</CELL_NR>
			</DATA>
			<DATA>
				<VOLTS>-120.0</VOLTS>
				<CPCTNCE_PFRD>2.334817E+2</CPCTNCE_PFRD>
				<ERR_CPCTNC_PFRD>4.940258E-3</ERR_CPCTNC_PFRD>
				<TOT_CURNT_NANOAMP>-9.67E+1</TOT_CURNT_NANOAMP>
				<ACTUAL_VOLTS>-120.01</ACTUAL_VOLTS>
				<ORG_CPCTNC_PFRD>2.334817E+2</ORG_CPCTNC_PFRD>
				<TEMP_DEGC>23.1</TEMP_DEGC>
				<HUMIDITY_PRCNT>6.7</HUMIDITY_PRCNT>
				<IMP_OHM>3.686513E+5</IMP_OHM>
				<PHS_RAD>-1.179803E+0</PHS_RAD>
				<TIME_SECS>349.50</TIME_SECS>
				<CELL_NR>71</CELL_NR>
			</DATA>
			<DATA>
				<VOLTS>-120.0</VOLTS>
				<CPCTNCE_PFRD>2.422269E+2</CPCTNCE_PFRD>
				<ERR_CPCTNC_PFRD>3.327316E-3</ERR_CPCTNC_PFRD>
				<TOT_CURNT_NANOAMP>-9.66E+1</TOT_CURNT_NANOAMP>
				<ACTUAL_VOLTS>-120.01</ACTUAL_VOLTS>
				<ORG_CPCTNC_PFRD>2.422269E+2</ORG_CPCTNC_PFRD>
				<TEMP_DEGC>23.1</TEMP_DEGC>
				<HUMIDITY_PRCNT>6.7</HUMIDITY_PRCNT>
				<IMP_OHM>3.531220E+5</IMP_OHM>
				<PHS_RAD>-1.195347E+0</PHS_RAD>
				<TIME_SECS>351.97</TIME_SECS>
				<CELL_NR>81</CELL_NR>
			</DATA>
			<DATA>
				<VOLTS>-120.0</VOLTS>
				<CPCTNCE_PFRD>2.315921E+2</CPCTNCE_PFRD>
				<ERR_CPCTNC_PFRD>2.391242E-3</ERR_CPCTNC_PFRD>
				<TOT_CURNT_NANOAMP>-8.76E+1</TOT_CURNT_NANOAMP>
				<ACTUAL_VOLTS>-120.01</ACTUAL_VOLTS>
				<ORG_CPCTNC_PFRD>2.315921E+2</ORG_CPCTNC_PFRD>
				<TEMP_DEGC>23.1</TEMP_DEGC>
				<HUMIDITY_PRCNT>6.7</HUMIDITY_PRCNT>
				<IMP_OHM>3.722123E+5</IMP_OHM>
				<PHS_RAD>-1.176213E+0</PHS_RAD>
				<TIME_SECS>354.41</TIME_SECS>
				<CELL_NR>91</CELL_NR>
			</DATA>
			<DATA>
				<VOLTS>-120.0</VOLTS>
				<CPCTNCE_PFRD>2.341768E+2</CPCTNCE_PFRD>
				<ERR_CPCTNC_PFRD>4.117687E-3</ERR_CPCTNC_PFRD>
				<TOT_CURNT_NANOAMP>-9.74E+1</TOT_CURNT_NANOAMP>
				<ACTUAL_VOLTS>-120.01</ACTUAL_VOLTS>
				<ORG_CPCTNC_PFRD>2.341768E+2</ORG_CPCTNC_PFRD>
				<TEMP_DEGC>23.1</TEMP_DEGC>
				<HUMIDITY_PRCNT>6.7</HUMIDITY_PRCNT>
				<IMP_OHM>3.672877E+5</IMP_OHM>
				<PHS_RAD>-1.181587E+0</PHS_RAD>
				<TIME_SECS>356.87</TIME_SECS>
				<CELL_NR>101</CELL_NR>
			</DATA>
			<DATA>
				<VOLTS>-120.0</VOLTS>
				<CPCTNCE_PFRD>2.148208E+2</CPCTNCE_PFRD>
				<ERR_CPCTNC_PFRD>2.920457E-2</ERR_CPCTNC_PFRD>
				<TOT_CURNT_NANOAMP>-9.74E+1</TOT_CURNT_NANOAMP>
				<ACTUAL_VOLTS>-120.01</ACTUAL_VOLTS>
				<ORG_CPCTNC_PFRD>2.148208E+2</ORG_CPCTNC_PFRD>
				<TEMP_DEGC>23.1</TEMP_DEGC>
				<HUMIDITY_PRCNT>6.6</HUMIDITY_PRCNT>
				<IMP_OHM>4.082663E+5</IMP_OHM>
				<PHS_RAD>-1.136913E+0</PHS_RAD>
				<TIME_SECS>359.32</TIME_SECS>
				<CELL_NR>111</CELL_NR>
			</DATA>
			<DATA>
				<VOLTS>-120.0</VOLTS>
				<CPCTNCE_PFRD>2.417151E+2</CPCTNCE_PFRD>
				<ERR_CPCTNC_PFRD>2.605954E-2</ERR_CPCTNC_PFRD>
				<TOT_CURNT_NANOAMP>-9.74E+1</TOT_CURNT_NANOAMP>
				<ACTUAL_VOLTS>-120.01</ACTUAL_VOLTS>
				<ORG_CPCTNC_PFRD>2.417151E+2</ORG_CPCTNC_PFRD>
				<TEMP_DEGC>23.1</TEMP_DEGC>
				<HUMIDITY_PRCNT>6.6</HUMIDITY_PRCNT>
				<IMP_OHM>3.538483E+5</IMP_OHM>
				<PHS_RAD>-1.195500E+0</PHS_RAD>
				<TIME_SECS>360.69</TIME_SECS>
				<CELL_NR>121</CELL_NR>
			</DATA>
			<DATA>
				<VOLTS>-120.0</VOLTS>
				<CPCTNCE_PFRD>2.442933E+2</CPCTNCE_PFRD>
				<ERR_CPCTNC_PFRD>2.407096E-2</ERR_CPCTNC_PFRD>
				<TOT_CURNT_NANOAMP>-9.74E+1</TOT_CURNT_NANOAMP>
				<ACTUAL_VOLTS>-120.01</ACTUAL_VOLTS>
				<ORG_CPCTNC_PFRD>2.442933E+2</ORG_CPCTNC_PFRD>
				<TEMP_DEGC>23.1</TEMP_DEGC>
				<HUMIDITY_PRCNT>6.6</HUMIDITY_PRCNT>
				<IMP_OHM>3.494733E+5</IMP_OHM>
				<PHS_RAD>-1.200180E+0</PHS_RAD>
				<TIME_SECS>362.00</TIME_SECS>
				<CELL_NR>131</CELL_NR>
			</DATA>
			<DATA>
				<VOLTS>-120.0</VOLTS>
				<CPCTNCE_PFRD>2.284049E+2</CPCTNCE_PFRD>
				<ERR_CPCTNC_PFRD>3.248652E-2</ERR_CPCTNC_PFRD>
				<TOT_CURNT_NANOAMP>-9.74E+1</TOT_CURNT_NANOAMP>
				<ACTUAL_VOLTS>-120.01</ACTUAL_VOLTS>
				<ORG_CPCTNC_PFRD>2.284049E+2</ORG_CPCTNC_PFRD>
				<TEMP_DEGC>23.1</TEMP_DEGC>
				<HUMIDITY_PRCNT>6.6</HUMIDITY_PRCNT>
				<IMP_OHM>3.783927E+5</IMP_OHM>
				<PHS_RAD>-1.170000E+0</PHS_RAD>
				<TIME_SECS>363.15</TIME_SECS>
				<CELL_NR>141</CELL_NR>
			</DATA>
			<DATA>
				<VOLTS>-120.0</VOLTS>
				<CPCTNCE_PFRD>2.404042E+2</CPCTNCE_PFRD>
				<ERR_CPCTNC_PFRD>2.677364E-2</ERR_CPCTNC_PFRD>
				<TOT_CURNT_NANOAMP>-9.74E+1</TOT_CURNT_NANOAMP>
				<ACTUAL_VOLTS>-120.01</ACTUAL_VOLTS>
				<ORG_CPCTNC_PFRD>2.404042E+2</ORG_CPCTNC_PFRD>
				<TEMP_DEGC>23.1</TEMP_DEGC>
				<HUMIDITY_PRCNT>6.6</HUMIDITY_PRCNT>
				<IMP_OHM>3.560577E+5</IMP_OHM>
				<PHS_RAD>-1.193510E+0</PHS_RAD>
				<TIME_SECS>364.30</TIME_SECS>
				<CELL_NR>151</CELL_NR>
			</DATA>
			<DATA>
				<VOLTS>-120.0</VOLTS>
				<CPCTNCE_PFRD>2.462018E+2</CPCTNCE_PFRD>
				<ERR_CPCTNC_PFRD>2.179876E-2</ERR_CPCTNC_PFRD>
				<TOT_CURNT_NANOAMP>-9.74E+1</TOT_CURNT_NANOAMP>
				<ACTUAL_VOLTS>-120.01</ACTUAL_VOLTS>
				<ORG_CPCTNC_PFRD>2.462018E+2</ORG_CPCTNC_PFRD>
				<TEMP_DEGC>23.1</TEMP_DEGC>
				<HUMIDITY_PRCNT>6.6</HUMIDITY_PRCNT>
				<IMP_OHM>3.463457E+5</IMP_OHM>
				<PHS_RAD>-1.203303E+0</PHS_RAD>
				<TIME_SECS>365.44</TIME_SECS>
				<CELL_NR>161</CELL_NR>
			</DATA>
			<DATA>
				<VOLTS>-120.0</VOLTS>
				<CPCTNCE_PFRD>2.414117E+2</CPCTNCE_PFRD>
				<ERR_CPCTNC_PFRD>1.908478E-2</ERR_CPCTNC_PFRD>
				<TOT_CURNT_NANOAMP>-9.74E+1</TOT_CURNT_NANOAMP>
				<ACTUAL_VOLTS>-120.01</ACTUAL_VOLTS>
				<ORG_CPCTNC_PFRD>2.414117E+2</ORG_CPCTNC_PFRD>
				<TEMP_DEGC>23.1</TEMP_DEGC>
				<HUMIDITY_PRCNT>6.6</HUMIDITY_PRCNT>
				<IMP_OHM>3.543423E+5</IMP_OHM>
				<PHS_RAD>-1.195147E+0</PHS_RAD>
				<TIME_SECS>366.62</TIME_SECS>
				<CELL_NR>171</CELL_NR>
			</DATA>
			<DATA>
				<VOLTS>-120.0</VOLTS>
				<CPCTNCE_PFRD>2.419941E+2</CPCTNCE_PFRD>
				<ERR_CPCTNC_PFRD>2.606346E-2</ERR_CPCTNC_PFRD>
				<TOT_CURNT_NANOAMP>-9.74E+1</TOT_CURNT_NANOAMP>
				<ACTUAL_VOLTS>-120.01</ACTUAL_VOLTS>
				<ORG_CPCTNC_PFRD>2.419941E+2</ORG_CPCTNC_PFRD>
				<TEMP_DEGC>23.1</TEMP_DEGC>
				<HUMIDITY_PRCNT>6.6</HUMIDITY_PRCNT>
				<IMP_OHM>3.533133E+5</IMP_OHM>
				<PHS_RAD>-1.196413E+0</PHS_RAD>
				<TIME_SECS>367.98</TIME_SECS>
				<CELL_NR>181</CELL_NR>
			</DATA>
			<DATA>
				<VOLTS>-120.0</VOLTS>
				<CPCTNCE_PFRD>2.468226E+2</CPCTNCE_PFRD>
				<ERR_CPCTNC_PFRD>2.729835E-2</ERR_CPCTNC_PFRD>
				<TOT_CURNT_NANOAMP>-9.74E+1</TOT_CURNT_NANOAMP>
				<ACTUAL_VOLTS>-120.01</ACTUAL_VOLTS>
				<ORG_CPCTNC_PFRD>2.468226E+2</ORG_CPCTNC_PFRD>
				<TEMP_DEGC>23.1</TEMP_DEGC>
				<HUMIDITY_PRCNT>6.6</HUMIDITY_PRCNT>
				<IMP_OHM>3.452733E+5</IMP_OHM>
				<PHS_RAD>-1.204820E+0</PHS_RAD>
				<TIME_SECS>369.34</TIME_SECS>
				<CELL_NR>191</CELL_NR>
			</DATA>
			<DATA>
				<VOLTS>-120.0</VOLTS>
				<CPCTNCE_PFRD>1.872589E+2</CPCTNCE_PFRD>
				<ERR_CPCTNC_PFRD>4.134794E-3</ERR_CPCTNC_PFRD>
				<TOT_CURNT_NANOAMP>-8.88E+1</TOT_CURNT_NANOAMP>
				<ACTUAL_VOLTS>-120.01</ACTUAL_VOLTS>
				<ORG_CPCTNC_PFRD>1.872589E+2</ORG_CPCTNC_PFRD>
				<TEMP_DEGC>23.1</TEMP_DEGC>
				<HUMIDITY_PRCNT>6.6</HUMIDITY_PRCNT>
				<IMP_OHM>4.909840E+5</IMP_OHM>
				<PHS_RAD>-1.046200E+0</PHS_RAD>
				<TIME_SECS>370.70</TIME_SECS>
				<CELL_NR>201</CELL_NR>
			</DATA>
			<DATA>
				<VOLTS>-140.0</VOLTS>
				<CPCTNCE_PFRD>2.072089E+2</CPCTNCE_PFRD>
				<ERR_CPCTNC_PFRD>1.042682E-2</ERR_CPCTNC_PFRD>
				<TOT_CURNT_NANOAMP>-1.07E+2</TOT_CURNT_NANOAMP>
				<ACTUAL_VOLTS>-140.01</ACTUAL_VOLTS>
				<ORG_CPCTNC_PFRD>2.072089E+2</ORG_CPCTNC_PFRD>
				<TEMP_DEGC>23.1</TEMP_DEGC>
				<HUMIDITY_PRCNT>6.6</HUMIDITY_PRCNT>
				<IMP_OHM>4.277777E+5</IMP_OHM>
				<PHS_RAD>-1.114673E+0</PHS_RAD>
				<TIME_SECS>407.66</TIME_SECS>
				<CELL_NR>1</CELL_NR>
			</DATA>
			<DATA>
				<VOLTS>-140.0</VOLTS>
				<CPCTNCE_PFRD>2.280251E+2</CPCTNCE_PFRD>
				<ERR_CPCTNC_PFRD>8.955603E-3</ERR_CPCTNC_PFRD>
				<TOT_CURNT_NANOAMP>-1.05E+2</TOT_CURNT_NANOAMP>
				<ACTUAL_VOLTS>-140.01</ACTUAL_VOLTS>
				<ORG_CPCTNC_PFRD>2.280251E+2</ORG_CPCTNC_PFRD>
				<TEMP_DEGC>23.1</TEMP_DEGC>
				<HUMIDITY_PRCNT>6.6</HUMIDITY_PRCNT>
				<IMP_OHM>3.794277E+5</IMP_OHM>
				<PHS_RAD>-1.167490E+0</PHS_RAD>
				<TIME_SECS>410.18</TIME_SECS>
				<CELL_NR>11</CELL_NR>
			</DATA>
			<DATA>
				<VOLTS>-140.0</VOLTS>
				<CPCTNCE_PFRD>2.352301E+2</CPCTNCE_PFRD>
				<ERR_CPCTNC_PFRD>6.790515E-3</ERR_CPCTNC_PFRD>
				<TOT_CURNT_NANOAMP>-1.02E+2</TOT_CURNT_NANOAMP>
				<ACTUAL_VOLTS>-140.01</ACTUAL_VOLTS>
				<ORG_CPCTNC_PFRD>2.352301E+2</ORG_CPCTNC_PFRD>
				<TEMP_DEGC>23.1</TEMP_DEGC>
				<HUMIDITY_PRCNT>6.6</HUMIDITY_PRCNT>
				<IMP_OHM>3.655407E+5</IMP_OHM>
				<PHS_RAD>-1.182270E+0</PHS_RAD>
				<TIME_SECS>412.64</TIME_SECS>
				<CELL_NR>21</CELL_NR>
			</DATA>
			<DATA>
				<VOLTS>-140.0</VOLTS>
				<CPCTNCE_PFRD>2.339429E+2</CPCTNCE_PFRD>
				<ERR_CPCTNC_PFRD>7.179501E-3</ERR_CPCTNC_PFRD>
				<TOT_CURNT_NANOAMP>-1.07E+2</TOT_CURNT_NANOAMP>
				<ACTUAL_VOLTS>-140.01</ACTUAL_VOLTS>
				<ORG_CPCTNC_PFRD>2.339429E+2</ORG_CPCTNC_PFRD>
				<TEMP_DEGC>23.1</TEMP_DEGC>
				<HUMIDITY_PRCNT>6.6</HUMIDITY_PRCNT>
				<IMP_OHM>3.678983E+5</IMP_OHM>
				<PHS_RAD>-1.179977E+0</PHS_RAD>
				<TIME_SECS>415.10</TIME_SECS>
				<CELL_NR>31</CELL_NR>
			</DATA>
			<DATA>
				<VOLTS>-140.0</VOLTS>
				<CPCTNCE_PFRD>2.323744E+2</CPCTNCE_PFRD>
				<ERR_CPCTNC_PFRD>4.530453E-3</ERR_CPCTNC_PFRD>
				<TOT_CURNT_NANOAMP>-1.07E+2</TOT_CURNT_NANOAMP>
				<ACTUAL_VOLTS>-140.01</ACTUAL_VOLTS>
				<ORG_CPCTNC_PFRD>2.323744E+2</ORG_CPCTNC_PFRD>
				<TEMP_DEGC>23.1</TEMP_DEGC>
				<HUMIDITY_PRCNT>6.6</HUMIDITY_PRCNT>
				<IMP_OHM>3.707943E+5</IMP_OHM>
				<PHS_RAD>-1.177283E+0</PHS_RAD>
				<TIME_SECS>417.54</TIME_SECS>
				<CELL_NR>41</CELL_NR>
			</DATA>
			<DATA>
				<VOLTS>-140.0</VOLTS>
				<CPCTNCE_PFRD>2.376626E+2</CPCTNCE_PFRD>
				<ERR_CPCTNC_PFRD>5.224022E-3</ERR_CPCTNC_PFRD>
				<TOT_CURNT_NANOAMP>-9.62E+1</TOT_CURNT_NANOAMP>
				<ACTUAL_VOLTS>-140.01</ACTUAL_VOLTS>
				<ORG_CPCTNC_PFRD>2.376626E+2</ORG_CPCTNC_PFRD>
				<TEMP_DEGC>23.1</TEMP_DEGC>
				<HUMIDITY_PRCNT>6.7</HUMIDITY_PRCNT>
				<IMP_OHM>3.610100E+5</IMP_OHM>
				<PHS_RAD>-1.187647E+0</PHS_RAD>
				<TIME_SECS>420.00</TIME_SECS>
				<CELL_NR>51</CELL_NR>
			</DATA>
			<DATA>
				<VOLTS>-140.0</VOLTS>
				<CPCTNCE_PFRD>2.211933E+2</CPCTNCE_PFRD>
				<ERR_CPCTNC_PFRD>7.448446E-3</ERR_CPCTNC_PFRD>
				<TOT_CURNT_NANOAMP>-1.02E+2</TOT_CURNT_NANOAMP>
				<ACTUAL_VOLTS>-140.01</ACTUAL_VOLTS>
				<ORG_CPCTNC_PFRD>2.211933E+2</ORG_CPCTNC_PFRD>
				<TEMP_DEGC>23.1</TEMP_DEGC>
				<HUMIDITY_PRCNT>6.7</HUMIDITY_PRCNT>
				<IMP_OHM>3.936217E+5</IMP_OHM>
				<PHS_RAD>-1.153000E+0</PHS_RAD>
				<TIME_SECS>422.45</TIME_SECS>
				<CELL_NR>61</CELL_NR>
			</DATA>
			<DATA>
				<VOLTS>-140.0</VOLTS>
				<CPCTNCE_PFRD>2.330856E+2</CPCTNCE_PFRD>
				<ERR_CPCTNC_PFRD>3.977854E-3</ERR_CPCTNC_PFRD>
				<TOT_CURNT_NANOAMP>-1.04E+2</TOT_CURNT_NANOAMP>
				<ACTUAL_VOLTS>-140.01</ACTUAL_VOLTS>
				<ORG_CPCTNC_PFRD>2.330856E+2</ORG_CPCTNC_PFRD>
				<TEMP_DEGC>23.1</TEMP_DEGC>
				<HUMIDITY_PRCNT>6.7</HUMIDITY_PRCNT>
				<IMP_OHM>3.693840E+5</IMP_OHM>
				<PHS_RAD>-1.179107E+0</PHS_RAD>
				<TIME_SECS>424.93</TIME_SECS>
				<CELL_NR>71</CELL_NR>
			</DATA>
			<DATA>
				<VOLTS>-140.0</VOLTS>
				<CPCTNCE_PFRD>2.419325E+2</CPCTNCE_PFRD>
				<ERR_CPCTNC_PFRD>2.730320E-3</ERR_CPCTNC_PFRD>
				<TOT_CURNT_NANOAMP>-9.35E+1</TOT_CURNT_NANOAMP>
				<ACTUAL_VOLTS>-140.01</ACTUAL_VOLTS>
				<ORG_CPCTNC_PFRD>2.419325E+2</ORG_CPCTNC_PFRD>
				<TEMP_DEGC>23.1</TEMP_DEGC>
				<HUMIDITY_PRCNT>6.7</HUMIDITY_PRCNT>
				<IMP_OHM>3.536140E+5</IMP_OHM>
				<PHS_RAD>-1.194900E+0</PHS_RAD>
				<TIME_SECS>427.36</TIME_SECS>
				<CELL_NR>81</CELL_NR>
			</DATA>
			<DATA>
				<VOLTS>-140.0</VOLTS>
				<CPCTNCE_PFRD>2.311891E+2</CPCTNCE_PFRD>
				<ERR_CPCTNC_PFRD>2.664380E-3</ERR_CPCTNC_PFRD>
				<TOT_CURNT_NANOAMP>-9.32E+1</TOT_CURNT_NANOAMP>
				<ACTUAL_VOLTS>-140.01</ACTUAL_VOLTS>
				<ORG_CPCTNC_PFRD>2.311891E+2</ORG_CPCTNC_PFRD>
				<TEMP_DEGC>23.1</TEMP_DEGC>
				<HUMIDITY_PRCNT>6.6</HUMIDITY_PRCNT>
				<IMP_OHM>3.729700E+5</IMP_OHM>
				<PHS_RAD>-1.175513E+0</PHS_RAD>
				<TIME_SECS>429.81</TIME_SECS>
				<CELL_NR>91</CELL_NR>
			</DATA>
			<DATA>
				<VOLTS>-140.0</VOLTS>
				<CPCTNCE_PFRD>2.337875E+2</CPCTNCE_PFRD>
				<ERR_CPCTNC_PFRD>3.890034E-3</ERR_CPCTNC_PFRD>
				<TOT_CURNT_NANOAMP>-1.05E+2</TOT_CURNT_NANOAMP>
				<ACTUAL_VOLTS>-140.01</ACTUAL_VOLTS>
				<ORG_CPCTNC_PFRD>2.337875E+2</ORG_CPCTNC_PFRD>
				<TEMP_DEGC>23.1</TEMP_DEGC>
				<HUMIDITY_PRCNT>6.6</HUMIDITY_PRCNT>
				<IMP_OHM>3.679943E+5</IMP_OHM>
				<PHS_RAD>-1.180957E+0</PHS_RAD>
				<TIME_SECS>432.27</TIME_SECS>
				<CELL_NR>101</CELL_NR>
			</DATA>
			<DATA>
				<VOLTS>-140.0</VOLTS>
				<CPCTNCE_PFRD>2.146494E+2</CPCTNCE_PFRD>
				<ERR_CPCTNC_PFRD>1.893607E-2</ERR_CPCTNC_PFRD>
				<TOT_CURNT_NANOAMP>-1.05E+2</TOT_CURNT_NANOAMP>
				<ACTUAL_VOLTS>-140.01</ACTUAL_VOLTS>
				<ORG_CPCTNC_PFRD>2.146494E+2</ORG_CPCTNC_PFRD>
				<TEMP_DEGC>23.1</TEMP_DEGC>
				<HUMIDITY_PRCNT>6.6</HUMIDITY_PRCNT>
				<IMP_OHM>4.086670E+5</IMP_OHM>
				<PHS_RAD>-1.136520E+0</PHS_RAD>
				<TIME_SECS>434.72</TIME_SECS>
				<CELL_NR>111</CELL_NR>
			</DATA>
			<DATA>
				<VOLTS>-140.0</VOLTS>
				<CPCTNCE_PFRD>2.412958E+2</CPCTNCE_PFRD>
				<ERR_CPCTNC_PFRD>2.075661E-2</ERR_CPCTNC_PFRD>
				<TOT_CURNT_NANOAMP>-1.05E+2</TOT_CURNT_NANOAMP>
				<ACTUAL_VOLTS>-140.01</ACTUAL_VOLTS>
				<ORG_CPCTNC_PFRD>2.412958E+2</ORG_CPCTNC_PFRD>
				<TEMP_DEGC>23.1</TEMP_DEGC>
				<HUMIDITY_PRCNT>6.6</HUMIDITY_PRCNT>
				<IMP_OHM>3.545377E+5</IMP_OHM>
				<PHS_RAD>-1.194967E+0</PHS_RAD>
				<TIME_SECS>436.08</TIME_SECS>
				<CELL_NR>121</CELL_NR>
			</DATA>
			<DATA>
				<VOLTS>-140.0</VOLTS>
				<CPCTNCE_PFRD>2.439663E+2</CPCTNCE_PFRD>
				<ERR_CPCTNC_PFRD>2.958738E-2</ERR_CPCTNC_PFRD>
				<TOT_CURNT_NANOAMP>-1.05E+2</TOT_CURNT_NANOAMP>
				<ACTUAL_VOLTS>-140.01</ACTUAL_VOLTS>
				<ORG_CPCTNC_PFRD>2.439663E+2</ORG_CPCTNC_PFRD>
				<TEMP_DEGC>23.1</TEMP_DEGC>
				<HUMIDITY_PRCNT>6.6</HUMIDITY_PRCNT>
				<IMP_OHM>3.500080E+5</IMP_OHM>
				<PHS_RAD>-1.199693E+0</PHS_RAD>
				<TIME_SECS>437.40</TIME_SECS>
				<CELL_NR>131</CELL_NR>
			</DATA>
			<DATA>
				<VOLTS>-140.0</VOLTS>
				<CPCTNCE_PFRD>2.282049E+2</CPCTNCE_PFRD>
				<ERR_CPCTNC_PFRD>2.884754E-2</ERR_CPCTNC_PFRD>
				<TOT_CURNT_NANOAMP>-1.05E+2</TOT_CURNT_NANOAMP>
				<ACTUAL_VOLTS>-140.01</ACTUAL_VOLTS>
				<ORG_CPCTNC_PFRD>2.282049E+2</ORG_CPCTNC_PFRD>
				<TEMP_DEGC>23.1</TEMP_DEGC>
				<HUMIDITY_PRCNT>6.6</HUMIDITY_PRCNT>
				<IMP_OHM>3.787853E+5</IMP_OHM>
				<PHS_RAD>-1.169620E+0</PHS_RAD>
				<TIME_SECS>438.56</TIME_SECS>
				<CELL_NR>141</CELL_NR>
			</DATA>
			<DATA>
				<VOLTS>-140.0</VOLTS>
				<CPCTNCE_PFRD>2.400566E+2</CPCTNCE_PFRD>
				<ERR_CPCTNC_PFRD>1.866733E-2</ERR_CPCTNC_PFRD>
				<TOT_CURNT_NANOAMP>-1.05E+2</TOT_CURNT_NANOAMP>
				<ACTUAL_VOLTS>-140.01</ACTUAL_VOLTS>
				<ORG_CPCTNC_PFRD>2.400566E+2</ORG_CPCTNC_PFRD>
				<TEMP_DEGC>23.1</TEMP_DEGC>
				<HUMIDITY_PRCNT>6.6</HUMIDITY_PRCNT>
				<IMP_OHM>3.566430E+5</IMP_OHM>
				<PHS_RAD>-1.193017E+0</PHS_RAD>
				<TIME_SECS>439.94</TIME_SECS>
				<CELL_NR>151</CELL_NR>
			</DATA>
			<DATA>
				<VOLTS>-140.0</VOLTS>
				<CPCTNCE_PFRD>2.459073E+2</CPCTNCE_PFRD>
				<ERR_CPCTNC_PFRD>2.274316E-2</ERR_CPCTNC_PFRD>
				<TOT_CURNT_NANOAMP>-1.05E+2</TOT_CURNT_NANOAMP>
				<ACTUAL_VOLTS>-140.01</ACTUAL_VOLTS>
				<ORG_CPCTNC_PFRD>2.459073E+2</ORG_CPCTNC_PFRD>
				<TEMP_DEGC>23.1</TEMP_DEGC>
				<HUMIDITY_PRCNT>6.6</HUMIDITY_PRCNT>
				<IMP_OHM>3.468210E+5</IMP_OHM>
				<PHS_RAD>-1.202850E+0</PHS_RAD>
				<TIME_SECS>441.31</TIME_SECS>
				<CELL_NR>161</CELL_NR>
			</DATA>
			<DATA>
				<VOLTS>-140.0</VOLTS>
				<CPCTNCE_PFRD>2.411627E+2</CPCTNCE_PFRD>
				<ERR_CPCTNC_PFRD>2.552689E-2</ERR_CPCTNC_PFRD>
				<TOT_CURNT_NANOAMP>-1.05E+2</TOT_CURNT_NANOAMP>
				<ACTUAL_VOLTS>-140.01</ACTUAL_VOLTS>
				<ORG_CPCTNC_PFRD>2.411627E+2</ORG_CPCTNC_PFRD>
				<TEMP_DEGC>23.1</TEMP_DEGC>
				<HUMIDITY_PRCNT>6.6</HUMIDITY_PRCNT>
				<IMP_OHM>3.547647E+5</IMP_OHM>
				<PHS_RAD>-1.194743E+0</PHS_RAD>
				<TIME_SECS>442.66</TIME_SECS>
				<CELL_NR>171</CELL_NR>
			</DATA>
			<DATA>
				<VOLTS>-140.0</VOLTS>
				<CPCTNCE_PFRD>2.417585E+2</CPCTNCE_PFRD>
				<ERR_CPCTNC_PFRD>2.297182E-2</ERR_CPCTNC_PFRD>
				<TOT_CURNT_NANOAMP>-1.05E+2</TOT_CURNT_NANOAMP>
				<ACTUAL_VOLTS>-140.01</ACTUAL_VOLTS>
				<ORG_CPCTNC_PFRD>2.417585E+2</ORG_CPCTNC_PFRD>
				<TEMP_DEGC>23.1</TEMP_DEGC>
				<HUMIDITY_PRCNT>6.6</HUMIDITY_PRCNT>
				<IMP_OHM>3.537133E+5</IMP_OHM>
				<PHS_RAD>-1.196013E+0</PHS_RAD>
				<TIME_SECS>444.02</TIME_SECS>
				<CELL_NR>181</CELL_NR>
			</DATA>
			<DATA>
				<VOLTS>-140.0</VOLTS>
				<CPCTNCE_PFRD>2.466018E+2</CPCTNCE_PFRD>
				<ERR_CPCTNC_PFRD>2.668725E-2</ERR_CPCTNC_PFRD>
				<TOT_CURNT_NANOAMP>-1.05E+2</TOT_CURNT_NANOAMP>
				<ACTUAL_VOLTS>-140.01</ACTUAL_VOLTS>
				<ORG_CPCTNC_PFRD>2.466018E+2</ORG_CPCTNC_PFRD>
				<TEMP_DEGC>23.1</TEMP_DEGC>
				<HUMIDITY_PRCNT>6.6</HUMIDITY_PRCNT>
				<IMP_OHM>3.456293E+5</IMP_OHM>
				<PHS_RAD>-1.204467E+0</PHS_RAD>
				<TIME_SECS>445.38</TIME_SECS>
				<CELL_NR>191</CELL_NR>
			</DATA>
			<DATA>
				<VOLTS>-140.0</VOLTS>
				<CPCTNCE_PFRD>1.872577E+2</CPCTNCE_PFRD>
				<ERR_CPCTNC_PFRD>2.267157E-3</ERR_CPCTNC_PFRD>
				<TOT_CURNT_NANOAMP>-1.01E+2</TOT_CURNT_NANOAMP>
				<ACTUAL_VOLTS>-140.01</ACTUAL_VOLTS>
				<ORG_CPCTNC_PFRD>1.872577E+2</ORG_CPCTNC_PFRD>
				<TEMP_DEGC>23.1</TEMP_DEGC>
				<HUMIDITY_PRCNT>6.6</HUMIDITY_PRCNT>
				<IMP_OHM>4.909977E+5</IMP_OHM>
				<PHS_RAD>-1.046163E+0</PHS_RAD>
				<TIME_SECS>446.73</TIME_SECS>
				<CELL_NR>201</CELL_NR>
			</DATA>
			<DATA>
				<VOLTS>-170.0</VOLTS>
				<CPCTNCE_PFRD>2.071059E+2</CPCTNCE_PFRD>
				<ERR_CPCTNC_PFRD>1.039411E-2</ERR_CPCTNC_PFRD>
				<TOT_CURNT_NANOAMP>-1.20E+2</TOT_CURNT_NANOAMP>
				<ACTUAL_VOLTS>-170.01</ACTUAL_VOLTS>
				<ORG_CPCTNC_PFRD>2.071059E+2</ORG_CPCTNC_PFRD>
				<TEMP_DEGC>23.1</TEMP_DEGC>
				<HUMIDITY_PRCNT>6.6</HUMIDITY_PRCNT>
				<IMP_OHM>4.280717E+5</IMP_OHM>
				<PHS_RAD>-1.114287E+0</PHS_RAD>
				<TIME_SECS>485.39</TIME_SECS>
				<CELL_NR>1</CELL_NR>
			</DATA>
			<DATA>
				<VOLTS>-170.0</VOLTS>
				<CPCTNCE_PFRD>2.278601E+2</CPCTNCE_PFRD>
				<ERR_CPCTNC_PFRD>7.919156E-3</ERR_CPCTNC_PFRD>
				<TOT_CURNT_NANOAMP>-1.07E+2</TOT_CURNT_NANOAMP>
				<ACTUAL_VOLTS>-170.01</ACTUAL_VOLTS>
				<ORG_CPCTNC_PFRD>2.278601E+2</ORG_CPCTNC_PFRD>
				<TEMP_DEGC>23.1</TEMP_DEGC>
				<HUMIDITY_PRCNT>6.6</HUMIDITY_PRCNT>
				<IMP_OHM>3.797553E+5</IMP_OHM>
				<PHS_RAD>-1.167163E+0</PHS_RAD>
				<TIME_SECS>487.59</TIME_SECS>
				<CELL_NR>11</CELL_NR>
			</DATA>
			<DATA>
				<VOLTS>-170.0</VOLTS>
				<CPCTNCE_PFRD>2.350716E+2</CPCTNCE_PFRD>
				<ERR_CPCTNC_PFRD>6.325972E-3</ERR_CPCTNC_PFRD>
				<TOT_CURNT_NANOAMP>-1.06E+2</TOT_CURNT_NANOAMP>
				<ACTUAL_VOLTS>-170.01</ACTUAL_VOLTS>
				<ORG_CPCTNC_PFRD>2.350716E+2</ORG_CPCTNC_PFRD>
				<TEMP_DEGC>23.1</TEMP_DEGC>
				<HUMIDITY_PRCNT>6.6</HUMIDITY_PRCNT>
				<IMP_OHM>3.658270E+5</IMP_OHM>
				<PHS_RAD>-1.182003E+0</PHS_RAD>
				<TIME_SECS>490.05</TIME_SECS>
				<CELL_NR>21</CELL_NR>
			</DATA>
			<DATA>
				<VOLTS>-170.0</VOLTS>
				<CPCTNCE_PFRD>2.338011E+2</CPCTNCE_PFRD>
				<ERR_CPCTNC_PFRD>5.603815E-3</ERR_CPCTNC_PFRD>
				<TOT_CURNT_NANOAMP>-1.06E+2</TOT_CURNT_NANOAMP>
				<ACTUAL_VOLTS>-170.01</ACTUAL_VOLTS>
				<ORG_CPCTNC_PFRD>2.338011E+2</ORG_CPCTNC_PFRD>
				<TEMP_DEGC>23.1</TEMP_DEGC>
				<HUMIDITY_PRCNT>6.6</HUMIDITY_PRCNT>
				<IMP_OHM>3.681623E+5</IMP_OHM>
				<PHS_RAD>-1.179707E+0</PHS_RAD>
				<TIME_SECS>492.50</TIME_SECS>
				<CELL_NR>31</CELL_NR>
			</DATA>
			<DATA>
				<VOLTS>-170.0</VOLTS>
				<CPCTNCE_PFRD>2.322721E+2</CPCTNCE_PFRD>
				<ERR_CPCTNC_PFRD>6.795630E-3</ERR_CPCTNC_PFRD>
				<TOT_CURNT_NANOAMP>-1.13E+2</TOT_CURNT_NANOAMP>
				<ACTUAL_VOLTS>-170.01</ACTUAL_VOLTS>
				<ORG_CPCTNC_PFRD>2.322721E+2</ORG_CPCTNC_PFRD>
				<TEMP_DEGC>23.1</TEMP_DEGC>
				<HUMIDITY_PRCNT>6.6</HUMIDITY_PRCNT>
				<IMP_OHM>3.709987E+5</IMP_OHM>
				<PHS_RAD>-1.177017E+0</PHS_RAD>
				<TIME_SECS>494.94</TIME_SECS>
				<CELL_NR>41</CELL_NR>
			</DATA>
			<DATA>
				<VOLTS>-170.0</VOLTS>
				<CPCTNCE_PFRD>2.374598E+2</CPCTNCE_PFRD>
				<ERR_CPCTNC_PFRD>5.558906E-3</ERR_CPCTNC_PFRD>
				<TOT_CURNT_NANOAMP>-1.14E+2</TOT_CURNT_NANOAMP>
				<ACTUAL_VOLTS>-170.01</ACTUAL_VOLTS>
				<ORG_CPCTNC_PFRD>2.374598E+2</ORG_CPCTNC_PFRD>
				<TEMP_DEGC>23.1</TEMP_DEGC>
				<HUMIDITY_PRCNT>6.6</HUMIDITY_PRCNT>
				<IMP_OHM>3.613470E+5</IMP_OHM>
				<PHS_RAD>-1.187450E+0</PHS_RAD>
				<TIME_SECS>497.41</TIME_SECS>
				<CELL_NR>51</CELL_NR>
			</DATA>
			<DATA>
				<VOLTS>-170.0</VOLTS>
				<CPCTNCE_PFRD>2.209706E+2</CPCTNCE_PFRD>
				<ERR_CPCTNC_PFRD>5.405298E-3</ERR_CPCTNC_PFRD>
				<TOT_CURNT_NANOAMP>-1.12E+2</TOT_CURNT_NANOAMP>
				<ACTUAL_VOLTS>-170.01</ACTUAL_VOLTS>
				<ORG_CPCTNC_PFRD>2.209706E+2</ORG_CPCTNC_PFRD>
				<TEMP_DEGC>23.1</TEMP_DEGC>
				<HUMIDITY_PRCNT>6.6</HUMIDITY_PRCNT>
				<IMP_OHM>3.940750E+5</IMP_OHM>
				<PHS_RAD>-1.152677E+0</PHS_RAD>
				<TIME_SECS>499.85</TIME_SECS>
				<CELL_NR>61</CELL_NR>
			</DATA>
			<DATA>
				<VOLTS>-170.0</VOLTS>
				<CPCTNCE_PFRD>2.329538E+2</CPCTNCE_PFRD>
				<ERR_CPCTNC_PFRD>3.489091E-3</ERR_CPCTNC_PFRD>
				<TOT_CURNT_NANOAMP>-1.03E+2</TOT_CURNT_NANOAMP>
				<ACTUAL_VOLTS>-170.01</ACTUAL_VOLTS>
				<ORG_CPCTNC_PFRD>2.329538E+2</ORG_CPCTNC_PFRD>
				<TEMP_DEGC>23.1</TEMP_DEGC>
				<HUMIDITY_PRCNT>6.6</HUMIDITY_PRCNT>
				<IMP_OHM>3.696317E+5</IMP_OHM>
				<PHS_RAD>-1.178853E+0</PHS_RAD>
				<TIME_SECS>502.30</TIME_SECS>
				<CELL_NR>71</CELL_NR>
			</DATA>
			<DATA>
				<VOLTS>-170.0</VOLTS>
				<CPCTNCE_PFRD>2.418041E+2</CPCTNCE_PFRD>
				<ERR_CPCTNC_PFRD>5.573214E-3</ERR_CPCTNC_PFRD>
				<TOT_CURNT_NANOAMP>-1.06E+2</TOT_CURNT_NANOAMP>
				<ACTUAL_VOLTS>-170.01</ACTUAL_VOLTS>
				<ORG_CPCTNC_PFRD>2.418041E+2</ORG_CPCTNC_PFRD>
				<TEMP_DEGC>23.1</TEMP_DEGC>
				<HUMIDITY_PRCNT>6.6</HUMIDITY_PRCNT>
				<IMP_OHM>3.538377E+5</IMP_OHM>
				<PHS_RAD>-1.194643E+0</PHS_RAD>
				<TIME_SECS>504.77</TIME_SECS>
				<CELL_NR>81</CELL_NR>
			</DATA>
			<DATA>
				<VOLTS>-170.0</VOLTS>
				<CPCTNCE_PFRD>2.310090E+2</CPCTNCE_PFRD>
				<ERR_CPCTNC_PFRD>4.851227E-3</ERR_CPCTNC_PFRD>
				<TOT_CURNT_NANOAMP>-1.03E+2</TOT_CURNT_NANOAMP>
				<ACTUAL_VOLTS>-170.01</ACTUAL_VOLTS>
				<ORG_CPCTNC_PFRD>2.310090E+2</ORG_CPCTNC_PFRD>
				<TEMP_DEGC>23.1</TEMP_DEGC>
				<HUMIDITY_PRCNT>6.6</HUMIDITY_PRCNT>
				<IMP_OHM>3.732883E+5</IMP_OHM>
				<PHS_RAD>-1.175337E+0</PHS_RAD>
				<TIME_SECS>507.23</TIME_SECS>
				<CELL_NR>91</CELL_NR>
			</DATA>
			<DATA>
				<VOLTS>-170.0</VOLTS>
				<CPCTNCE_PFRD>2.336752E+2</CPCTNCE_PFRD>
				<ERR_CPCTNC_PFRD>4.375730E-3</ERR_CPCTNC_PFRD>
				<TOT_CURNT_NANOAMP>-1.07E+2</TOT_CURNT_NANOAMP>
				<ACTUAL_VOLTS>-170.01</ACTUAL_VOLTS>
				<ORG_CPCTNC_PFRD>2.336752E+2</ORG_CPCTNC_PFRD>
				<TEMP_DEGC>23.1</TEMP_DEGC>
				<HUMIDITY_PRCNT>6.6</HUMIDITY_PRCNT>
				<IMP_OHM>3.682050E+5</IMP_OHM>
				<PHS_RAD>-1.180733E+0</PHS_RAD>
				<TIME_SECS>509.68</TIME_SECS>
				<CELL_NR>101</CELL_NR>
			</DATA>
			<DATA>
				<VOLTS>-170.0</VOLTS>
				<CPCTNCE_PFRD>2.145029E+2</CPCTNCE_PFRD>
				<ERR_CPCTNC_PFRD>2.999786E-2</ERR_CPCTNC_PFRD>
				<TOT_CURNT_NANOAMP>-1.07E+2</TOT_CURNT_NANOAMP>
				<ACTUAL_VOLTS>-170.01</ACTUAL_VOLTS>
				<ORG_CPCTNC_PFRD>2.145029E+2</ORG_CPCTNC_PFRD>
				<TEMP_DEGC>23.1</TEMP_DEGC>
				<HUMIDITY_PRCNT>6.6</HUMIDITY_PRCNT>
				<IMP_OHM>4.089820E+5</IMP_OHM>
				<PHS_RAD>-1.136330E+0</PHS_RAD>
				<TIME_SECS>512.13</TIME_SECS>
				<CELL_NR>111</CELL_NR>
			</DATA>
			<DATA>
				<VOLTS>-170.0</VOLTS>
				<CPCTNCE_PFRD>2.411598E+2</CPCTNCE_PFRD>
				<ERR_CPCTNC_PFRD>2.429410E-2</ERR_CPCTNC_PFRD>
				<TOT_CURNT_NANOAMP>-1.07E+2</TOT_CURNT_NANOAMP>
				<ACTUAL_VOLTS>-170.01</ACTUAL_VOLTS>
				<ORG_CPCTNC_PFRD>2.411598E+2</ORG_CPCTNC_PFRD>
				<TEMP_DEGC>23.1</TEMP_DEGC>
				<HUMIDITY_PRCNT>6.6</HUMIDITY_PRCNT>
				<IMP_OHM>3.547670E+5</IMP_OHM>
				<PHS_RAD>-1.194757E+0</PHS_RAD>
				<TIME_SECS>513.50</TIME_SECS>
				<CELL_NR>121</CELL_NR>
			</DATA>
			<DATA>
				<VOLTS>-170.0</VOLTS>
				<CPCTNCE_PFRD>2.438849E+2</CPCTNCE_PFRD>
				<ERR_CPCTNC_PFRD>2.567484E-2</ERR_CPCTNC_PFRD>
				<TOT_CURNT_NANOAMP>-1.07E+2</TOT_CURNT_NANOAMP>
				<ACTUAL_VOLTS>-170.01</ACTUAL_VOLTS>
				<ORG_CPCTNC_PFRD>2.438849E+2</ORG_CPCTNC_PFRD>
				<TEMP_DEGC>23.1</TEMP_DEGC>
				<HUMIDITY_PRCNT>6.6</HUMIDITY_PRCNT>
				<IMP_OHM>3.501530E+5</IMP_OHM>
				<PHS_RAD>-1.199487E+0</PHS_RAD>
				<TIME_SECS>514.85</TIME_SECS>
				<CELL_NR>131</CELL_NR>
			</DATA>
			<DATA>
				<VOLTS>-170.0</VOLTS>
				<CPCTNCE_PFRD>2.281631E+2</CPCTNCE_PFRD>
				<ERR_CPCTNC_PFRD>1.751456E-2</ERR_CPCTNC_PFRD>
				<TOT_CURNT_NANOAMP>-1.07E+2</TOT_CURNT_NANOAMP>
				<ACTUAL_VOLTS>-170.01</ACTUAL_VOLTS>
				<ORG_CPCTNC_PFRD>2.281631E+2</ORG_CPCTNC_PFRD>
				<TEMP_DEGC>23.1</TEMP_DEGC>
				<HUMIDITY_PRCNT>6.6</HUMIDITY_PRCNT>
				<IMP_OHM>3.788890E+5</IMP_OHM>
				<PHS_RAD>-1.169407E+0</PHS_RAD>
				<TIME_SECS>516.22</TIME_SECS>
				<CELL_NR>141</CELL_NR>
			</DATA>
			<DATA>
				<VOLTS>-170.0</VOLTS>
				<CPCTNCE_PFRD>2.398963E+2</CPCTNCE_PFRD>
				<ERR_CPCTNC_PFRD>2.177208E-2</ERR_CPCTNC_PFRD>
				<TOT_CURNT_NANOAMP>-1.07E+2</TOT_CURNT_NANOAMP>
				<ACTUAL_VOLTS>-170.01</ACTUAL_VOLTS>
				<ORG_CPCTNC_PFRD>2.398963E+2</ORG_CPCTNC_PFRD>
				<TEMP_DEGC>23.1</TEMP_DEGC>
				<HUMIDITY_PRCNT>6.6</HUMIDITY_PRCNT>
				<IMP_OHM>3.568997E+5</IMP_OHM>
				<PHS_RAD>-1.192887E+0</PHS_RAD>
				<TIME_SECS>517.57</TIME_SECS>
				<CELL_NR>151</CELL_NR>
			</DATA>
			<DATA>
				<VOLTS>-170.0</VOLTS>
				<CPCTNCE_PFRD>2.458522E+2</CPCTNCE_PFRD>
				<ERR_CPCTNC_PFRD>4.611939E-3</ERR_CPCTNC_PFRD>
				<TOT_CURNT_NANOAMP>-1.07E+2</TOT_CURNT_NANOAMP>
				<ACTUAL_VOLTS>-170.01</ACTUAL_VOLTS>
				<ORG_CPCTNC_PFRD>2.458522E+2</ORG_CPCTNC_PFRD>
				<TEMP_DEGC>23.1</TEMP_DEGC>
				<HUMIDITY_PRCNT>6.6</HUMIDITY_PRCNT>
				<IMP_OHM>3.469237E+5</IMP_OHM>
				<PHS_RAD>-1.202663E+0</PHS_RAD>
				<TIME_SECS>518.92</TIME_SECS>
				<CELL_NR>161</CELL_NR>
			</DATA>
			<DATA>
				<VOLTS>-170.0</VOLTS>
				<CPCTNCE_PFRD>2.411004E+2</CPCTNCE_PFRD>
				<ERR_CPCTNC_PFRD>2.553992E-2</ERR_CPCTNC_PFRD>
				<TOT_CURNT_NANOAMP>-1.07E+2</TOT_CURNT_NANOAMP>
				<ACTUAL_VOLTS>-170.01</ACTUAL_VOLTS>
				<ORG_CPCTNC_PFRD>2.411004E+2</ORG_CPCTNC_PFRD>
				<TEMP_DEGC>23.1</TEMP_DEGC>
				<HUMIDITY_PRCNT>6.6</HUMIDITY_PRCNT>
				<IMP_OHM>3.548830E+5</IMP_OHM>
				<PHS_RAD>-1.194553E+0</PHS_RAD>
				<TIME_SECS>520.04</TIME_SECS>
				<CELL_NR>171</CELL_NR>
			</DATA>
			<DATA>
				<VOLTS>-170.0</VOLTS>
				<CPCTNCE_PFRD>2.416998E+2</CPCTNCE_PFRD>
				<ERR_CPCTNC_PFRD>2.313140E-2</ERR_CPCTNC_PFRD>
				<TOT_CURNT_NANOAMP>-1.07E+2</TOT_CURNT_NANOAMP>
				<ACTUAL_VOLTS>-170.01</ACTUAL_VOLTS>
				<ORG_CPCTNC_PFRD>2.416998E+2</ORG_CPCTNC_PFRD>
				<TEMP_DEGC>23.1</TEMP_DEGC>
				<HUMIDITY_PRCNT>6.6</HUMIDITY_PRCNT>
				<IMP_OHM>3.538257E+5</IMP_OHM>
				<PHS_RAD>-1.195823E+0</PHS_RAD>
				<TIME_SECS>521.41</TIME_SECS>
				<CELL_NR>181</CELL_NR>
			</DATA>
			<DATA>
				<VOLTS>-170.0</VOLTS>
				<CPCTNCE_PFRD>2.465256E+2</CPCTNCE_PFRD>
				<ERR_CPCTNC_PFRD>2.472323E-2</ERR_CPCTNC_PFRD>
				<TOT_CURNT_NANOAMP>-1.07E+2</TOT_CURNT_NANOAMP>
				<ACTUAL_VOLTS>-170.01</ACTUAL_VOLTS>
				<ORG_CPCTNC_PFRD>2.465256E+2</ORG_CPCTNC_PFRD>
				<TEMP_DEGC>23.1</TEMP_DEGC>
				<HUMIDITY_PRCNT>6.6</HUMIDITY_PRCNT>
				<IMP_OHM>3.457627E+5</IMP_OHM>
				<PHS_RAD>-1.204267E+0</PHS_RAD>
				<TIME_SECS>522.75</TIME_SECS>
				<CELL_NR>191</CELL_NR>
			</DATA>
			<DATA>
				<VOLTS>-170.0</VOLTS>
				<CPCTNCE_PFRD>1.872711E+2</CPCTNCE_PFRD>
				<ERR_CPCTNC_PFRD>2.501105E-3</ERR_CPCTNC_PFRD>
				<TOT_CURNT_NANOAMP>-1.02E+2</TOT_CURNT_NANOAMP>
				<ACTUAL_VOLTS>-170.01</ACTUAL_VOLTS>
				<ORG_CPCTNC_PFRD>1.872711E+2</ORG_CPCTNC_PFRD>
				<TEMP_DEGC>23.1</TEMP_DEGC>
				<HUMIDITY_PRCNT>6.6</HUMIDITY_PRCNT>
				<IMP_OHM>4.909890E+5</IMP_OHM>
				<PHS_RAD>-1.046070E+0</PHS_RAD>
				<TIME_SECS>524.11</TIME_SECS>
				<CELL_NR>201</CELL_NR>
			</DATA>
			<DATA>
				<VOLTS>-200.0</VOLTS>
				<CPCTNCE_PFRD>2.070264E+2</CPCTNCE_PFRD>
				<ERR_CPCTNC_PFRD>9.909219E-3</ERR_CPCTNC_PFRD>
				<TOT_CURNT_NANOAMP>-1.19E+2</TOT_CURNT_NANOAMP>
				<ACTUAL_VOLTS>-200.00</ACTUAL_VOLTS>
				<ORG_CPCTNC_PFRD>2.070264E+2</ORG_CPCTNC_PFRD>
				<TEMP_DEGC>23.1</TEMP_DEGC>
				<HUMIDITY_PRCNT>6.6</HUMIDITY_PRCNT>
				<IMP_OHM>4.282760E+5</IMP_OHM>
				<PHS_RAD>-1.114097E+0</PHS_RAD>
				<TIME_SECS>562.66</TIME_SECS>
				<CELL_NR>1</CELL_NR>
			</DATA>
			<DATA>
				<VOLTS>-200.0</VOLTS>
				<CPCTNCE_PFRD>2.278012E+2</CPCTNCE_PFRD>
				<ERR_CPCTNC_PFRD>8.689987E-3</ERR_CPCTNC_PFRD>
				<TOT_CURNT_NANOAMP>-1.22E+2</TOT_CURNT_NANOAMP>
				<ACTUAL_VOLTS>-200.00</ACTUAL_VOLTS>
				<ORG_CPCTNC_PFRD>2.278012E+2</ORG_CPCTNC_PFRD>
				<TEMP_DEGC>23.1</TEMP_DEGC>
				<HUMIDITY_PRCNT>6.6</HUMIDITY_PRCNT>
				<IMP_OHM>3.798670E+5</IMP_OHM>
				<PHS_RAD>-1.167080E+0</PHS_RAD>
				<TIME_SECS>564.85</TIME_SECS>
				<CELL_NR>11</CELL_NR>
			</DATA>
			<DATA>
				<VOLTS>-200.0</VOLTS>
				<CPCTNCE_PFRD>2.350120E+2</CPCTNCE_PFRD>
				<ERR_CPCTNC_PFRD>6.589955E-3</ERR_CPCTNC_PFRD>
				<TOT_CURNT_NANOAMP>-1.15E+2</TOT_CURNT_NANOAMP>
				<ACTUAL_VOLTS>-200.00</ACTUAL_VOLTS>
				<ORG_CPCTNC_PFRD>2.350120E+2</ORG_CPCTNC_PFRD>
				<TEMP_DEGC>23.1</TEMP_DEGC>
				<HUMIDITY_PRCNT>6.6</HUMIDITY_PRCNT>
				<IMP_OHM>3.659273E+5</IMP_OHM>
				<PHS_RAD>-1.181953E+0</PHS_RAD>
				<TIME_SECS>567.27</TIME_SECS>
				<CELL_NR>21</CELL_NR>
			</DATA>
			<DATA>
				<VOLTS>-200.0</VOLTS>
				<CPCTNCE_PFRD>2.337388E+2</CPCTNCE_PFRD>
				<ERR_CPCTNC_PFRD>7.217599E-3</ERR_CPCTNC_PFRD>
				<TOT_CURNT_NANOAMP>-1.17E+2</TOT_CURNT_NANOAMP>
				<ACTUAL_VOLTS>-200.00</ACTUAL_VOLTS>
				<ORG_CPCTNC_PFRD>2.337388E+2</ORG_CPCTNC_PFRD>
				<TEMP_DEGC>23.1</TEMP_DEGC>
				<HUMIDITY_PRCNT>6.6</HUMIDITY_PRCNT>
				<IMP_OHM>3.682650E+5</IMP_OHM>
				<PHS_RAD>-1.179677E+0</PHS_RAD>
				<TIME_SECS>569.73</TIME_SECS>
				<CELL_NR>31</CELL_NR>
			</DATA>
			<DATA>
				<VOLTS>-200.0</VOLTS>
				<CPCTNCE_PFRD>2.322212E+2</CPCTNCE_PFRD>
				<ERR_CPCTNC_PFRD>5.422197E-3</ERR_CPCTNC_PFRD>
				<TOT_CURNT_NANOAMP>-1.20E+2</TOT_CURNT_NANOAMP>
				<ACTUAL_VOLTS>-200.00</ACTUAL_VOLTS>
				<ORG_CPCTNC_PFRD>2.322212E+2</ORG_CPCTNC_PFRD>
				<TEMP_DEGC>23.1</TEMP_DEGC>
				<HUMIDITY_PRCNT>6.6</HUMIDITY_PRCNT>
				<IMP_OHM>3.710867E+5</IMP_OHM>
				<PHS_RAD>-1.176973E+0</PHS_RAD>
				<TIME_SECS>572.18</TIME_SECS>
				<CELL_NR>41</CELL_NR>
			</DATA>
			<DATA>
				<VOLTS>-200.0</VOLTS>
				<CPCTNCE_PFRD>2.373761E+2</CPCTNCE_PFRD>
				<ERR_CPCTNC_PFRD>5.607310E-3</ERR_CPCTNC_PFRD>
				<TOT_CURNT_NANOAMP>-1.24E+2</TOT_CURNT_NANOAMP>
				<ACTUAL_VOLTS>-200.00</ACTUAL_VOLTS>
				<ORG_CPCTNC_PFRD>2.373761E+2</ORG_CPCTNC_PFRD>
				<TEMP_DEGC>23.1</TEMP_DEGC>
				<HUMIDITY_PRCNT>6.6</HUMIDITY_PRCNT>
				<IMP_OHM>3.614817E+5</IMP_OHM>
				<PHS_RAD>-1.187400E+0</PHS_RAD>
				<TIME_SECS>574.64</TIME_SECS>
				<CELL_NR>51</CELL_NR>
			</DATA>
			<DATA>
				<VOLTS>-200.0</VOLTS>
				<CPCTNCE_PFRD>2.208446E+2</CPCTNCE_PFRD>
				<ERR_CPCTNC_PFRD>3.930780E-3</ERR_CPCTNC_PFRD>
				<TOT_CURNT_NANOAMP>-1.18E+2</TOT_CURNT_NANOAMP>
				<ACTUAL_VOLTS>-200.00</ACTUAL_VOLTS>
				<ORG_CPCTNC_PFRD>2.208446E+2</ORG_CPCTNC_PFRD>
				<TEMP_DEGC>23.1</TEMP_DEGC>
				<HUMIDITY_PRCNT>6.6</HUMIDITY_PRCNT>
				<IMP_OHM>3.943197E+5</IMP_OHM>
				<PHS_RAD>-1.152563E+0</PHS_RAD>
				<TIME_SECS>577.10</TIME_SECS>
				<CELL_NR>61</CELL_NR>
			</DATA>
			<DATA>
				<VOLTS>-200.0</VOLTS>
				<CPCTNCE_PFRD>2.329009E+2</CPCTNCE_PFRD>
				<ERR_CPCTNC_PFRD>3.413779E-3</ERR_CPCTNC_PFRD>
				<TOT_CURNT_NANOAMP>-1.17E+2</TOT_CURNT_NANOAMP>
				<ACTUAL_VOLTS>-200.00</ACTUAL_VOLTS>
				<ORG_CPCTNC_PFRD>2.329009E+2</ORG_CPCTNC_PFRD>
				<TEMP_DEGC>23.1</TEMP_DEGC>
				<HUMIDITY_PRCNT>6.6</HUMIDITY_PRCNT>
				<IMP_OHM>3.697237E+5</IMP_OHM>
				<PHS_RAD>-1.178800E+0</PHS_RAD>
				<TIME_SECS>579.56</TIME_SECS>
				<CELL_NR>71</CELL_NR>
			</DATA>
			<DATA>
				<VOLTS>-200.0</VOLTS>
				<CPCTNCE_PFRD>2.417560E+2</CPCTNCE_PFRD>
				<ERR_CPCTNC_PFRD>5.401786E-3</ERR_CPCTNC_PFRD>
				<TOT_CURNT_NANOAMP>-1.24E+2</TOT_CURNT_NANOAMP>
				<ACTUAL_VOLTS>-200.00</ACTUAL_VOLTS>
				<ORG_CPCTNC_PFRD>2.417560E+2</ORG_CPCTNC_PFRD>
				<TEMP_DEGC>23.1</TEMP_DEGC>
				<HUMIDITY_PRCNT>6.6</HUMIDITY_PRCNT>
				<IMP_OHM>3.539220E+5</IMP_OHM>
				<PHS_RAD>-1.194543E+0</PHS_RAD>
				<TIME_SECS>582.01</TIME_SECS>
				<CELL_NR>81</CELL_NR>
			</DATA>
			<DATA>
				<VOLTS>-200.0</VOLTS>
				<CPCTNCE_PFRD>2.309190E+2</CPCTNCE_PFRD>
				<ERR_CPCTNC_PFRD>5.355931E-3</ERR_CPCTNC_PFRD>
				<TOT_CURNT_NANOAMP>-1.25E+2</TOT_CURNT_NANOAMP>
				<ACTUAL_VOLTS>-200.00</ACTUAL_VOLTS>
				<ORG_CPCTNC_PFRD>2.309190E+2</ORG_CPCTNC_PFRD>
				<TEMP_DEGC>23.1</TEMP_DEGC>
				<HUMIDITY_PRCNT>6.6</HUMIDITY_PRCNT>
				<IMP_OHM>3.734380E+5</IMP_OHM>
				<PHS_RAD>-1.175310E+0</PHS_RAD>
				<TIME_SECS>584.47</TIME_SECS>
				<CELL_NR>91</CELL_NR>
			</DATA>
			<DATA>
				<VOLTS>-200.0</VOLTS>
				<CPCTNCE_PFRD>2.336140E+2</CPCTNCE_PFRD>
				<ERR_CPCTNC_PFRD>4.482932E-3</ERR_CPCTNC_PFRD>
				<TOT_CURNT_NANOAMP>-1.20E+2</TOT_CURNT_NANOAMP>
				<ACTUAL_VOLTS>-200.00</ACTUAL_VOLTS>
				<ORG_CPCTNC_PFRD>2.336140E+2</ORG_CPCTNC_PFRD>
				<TEMP_DEGC>23.1</TEMP_DEGC>
				<HUMIDITY_PRCNT>6.6</HUMIDITY_PRCNT>
				<IMP_OHM>3.683080E+5</IMP_OHM>
				<PHS_RAD>-1.180690E+0</PHS_RAD>
				<TIME_SECS>586.92</TIME_SECS>
				<CELL_NR>101</CELL_NR>
			</DATA>
			<DATA>
				<VOLTS>-200.0</VOLTS>
				<CPCTNCE_PFRD>2.144659E+2</CPCTNCE_PFRD>
				<ERR_CPCTNC_PFRD>2.710772E-2</ERR_CPCTNC_PFRD>
				<TOT_CURNT_NANOAMP>-1.20E+2</TOT_CURNT_NANOAMP>
				<ACTUAL_VOLTS>-200.00</ACTUAL_VOLTS>
				<ORG_CPCTNC_PFRD>2.144659E+2</ORG_CPCTNC_PFRD>
				<TEMP_DEGC>23.1</TEMP_DEGC>
				<HUMIDITY_PRCNT>6.6</HUMIDITY_PRCNT>
				<IMP_OHM>4.090660E+5</IMP_OHM>
				<PHS_RAD>-1.136260E+0</PHS_RAD>
				<TIME_SECS>589.40</TIME_SECS>
				<CELL_NR>111</CELL_NR>
			</DATA>
			<DATA>
				<VOLTS>-200.0</VOLTS>
				<CPCTNCE_PFRD>2.411106E+2</CPCTNCE_PFRD>
				<ERR_CPCTNC_PFRD>2.162535E-2</ERR_CPCTNC_PFRD>
				<TOT_CURNT_NANOAMP>-1.20E+2</TOT_CURNT_NANOAMP>
				<ACTUAL_VOLTS>-200.00</ACTUAL_VOLTS>
				<ORG_CPCTNC_PFRD>2.411106E+2</ORG_CPCTNC_PFRD>
				<TEMP_DEGC>23.1</TEMP_DEGC>
				<HUMIDITY_PRCNT>6.6</HUMIDITY_PRCNT>
				<IMP_OHM>3.548507E+5</IMP_OHM>
				<PHS_RAD>-1.194677E+0</PHS_RAD>
				<TIME_SECS>590.74</TIME_SECS>
				<CELL_NR>121</CELL_NR>
			</DATA>
			<DATA>
				<VOLTS>-200.0</VOLTS>
				<CPCTNCE_PFRD>2.438218E+2</CPCTNCE_PFRD>
				<ERR_CPCTNC_PFRD>2.763688E-2</ERR_CPCTNC_PFRD>
				<TOT_CURNT_NANOAMP>-1.20E+2</TOT_CURNT_NANOAMP>
				<ACTUAL_VOLTS>-200.00</ACTUAL_VOLTS>
				<ORG_CPCTNC_PFRD>2.438218E+2</ORG_CPCTNC_PFRD>
				<TEMP_DEGC>23.1</TEMP_DEGC>
				<HUMIDITY_PRCNT>6.6</HUMIDITY_PRCNT>
				<IMP_OHM>3.502487E+5</IMP_OHM>
				<PHS_RAD>-1.199450E+0</PHS_RAD>
				<TIME_SECS>592.10</TIME_SECS>
				<CELL_NR>131</CELL_NR>
			</DATA>
			<DATA>
				<VOLTS>-200.0</VOLTS>
				<CPCTNCE_PFRD>2.281295E+2</CPCTNCE_PFRD>
				<ERR_CPCTNC_PFRD>2.668360E-2</ERR_CPCTNC_PFRD>
				<TOT_CURNT_NANOAMP>-1.20E+2</TOT_CURNT_NANOAMP>
				<ACTUAL_VOLTS>-200.00</ACTUAL_VOLTS>
				<ORG_CPCTNC_PFRD>2.281295E+2</ORG_CPCTNC_PFRD>
				<TEMP_DEGC>23.1</TEMP_DEGC>
				<HUMIDITY_PRCNT>6.6</HUMIDITY_PRCNT>
				<IMP_OHM>3.789497E+5</IMP_OHM>
				<PHS_RAD>-1.169377E+0</PHS_RAD>
				<TIME_SECS>593.47</TIME_SECS>
				<CELL_NR>141</CELL_NR>
			</DATA>
			<DATA>
				<VOLTS>-200.0</VOLTS>
				<CPCTNCE_PFRD>2.398280E+2</CPCTNCE_PFRD>
				<ERR_CPCTNC_PFRD>2.138602E-2</ERR_CPCTNC_PFRD>
				<TOT_CURNT_NANOAMP>-1.20E+2</TOT_CURNT_NANOAMP>
				<ACTUAL_VOLTS>-200.00</ACTUAL_VOLTS>
				<ORG_CPCTNC_PFRD>2.398280E+2</ORG_CPCTNC_PFRD>
				<TEMP_DEGC>23.1</TEMP_DEGC>
				<HUMIDITY_PRCNT>6.5</HUMIDITY_PRCNT>
				<IMP_OHM>3.570113E+5</IMP_OHM>
				<PHS_RAD>-1.192817E+0</PHS_RAD>
				<TIME_SECS>594.82</TIME_SECS>
				<CELL_NR>151</CELL_NR>
			</DATA>
			<DATA>
				<VOLTS>-200.0</VOLTS>
				<CPCTNCE_PFRD>2.457950E+2</CPCTNCE_PFRD>
				<ERR_CPCTNC_PFRD>1.975080E-2</ERR_CPCTNC_PFRD>
				<TOT_CURNT_NANOAMP>-1.20E+2</TOT_CURNT_NANOAMP>
				<ACTUAL_VOLTS>-200.00</ACTUAL_VOLTS>
				<ORG_CPCTNC_PFRD>2.457950E+2</ORG_CPCTNC_PFRD>
				<TEMP_DEGC>23.1</TEMP_DEGC>
				<HUMIDITY_PRCNT>6.5</HUMIDITY_PRCNT>
				<IMP_OHM>3.470147E+5</IMP_OHM>
				<PHS_RAD>-1.202587E+0</PHS_RAD>
				<TIME_SECS>596.17</TIME_SECS>
				<CELL_NR>161</CELL_NR>
			</DATA>
			<DATA>
				<VOLTS>-200.0</VOLTS>
				<CPCTNCE_PFRD>2.410679E+2</CPCTNCE_PFRD>
				<ERR_CPCTNC_PFRD>2.472570E-2</ERR_CPCTNC_PFRD>
				<TOT_CURNT_NANOAMP>-1.20E+2</TOT_CURNT_NANOAMP>
				<ACTUAL_VOLTS>-200.00</ACTUAL_VOLTS>
				<ORG_CPCTNC_PFRD>2.410679E+2</ORG_CPCTNC_PFRD>
				<TEMP_DEGC>23.1</TEMP_DEGC>
				<HUMIDITY_PRCNT>6.5</HUMIDITY_PRCNT>
				<IMP_OHM>3.549443E+5</IMP_OHM>
				<PHS_RAD>-1.194457E+0</PHS_RAD>
				<TIME_SECS>597.53</TIME_SECS>
				<CELL_NR>171</CELL_NR>
			</DATA>
			<DATA>
				<VOLTS>-200.0</VOLTS>
				<CPCTNCE_PFRD>2.416617E+2</CPCTNCE_PFRD>
				<ERR_CPCTNC_PFRD>2.467150E-2</ERR_CPCTNC_PFRD>
				<TOT_CURNT_NANOAMP>-1.20E+2</TOT_CURNT_NANOAMP>
				<ACTUAL_VOLTS>-200.00</ACTUAL_VOLTS>
				<ORG_CPCTNC_PFRD>2.416617E+2</ORG_CPCTNC_PFRD>
				<TEMP_DEGC>23.1</TEMP_DEGC>
				<HUMIDITY_PRCNT>6.4</HUMIDITY_PRCNT>
				<IMP_OHM>3.538893E+5</IMP_OHM>
				<PHS_RAD>-1.195767E+0</PHS_RAD>
				<TIME_SECS>598.88</TIME_SECS>
				<CELL_NR>181</CELL_NR>
			</DATA>
			<DATA>
				<VOLTS>-200.0</VOLTS>
				<CPCTNCE_PFRD>2.464740E+2</CPCTNCE_PFRD>
				<ERR_CPCTNC_PFRD>2.066248E-2</ERR_CPCTNC_PFRD>
				<TOT_CURNT_NANOAMP>-1.20E+2</TOT_CURNT_NANOAMP>
				<ACTUAL_VOLTS>-200.00</ACTUAL_VOLTS>
				<ORG_CPCTNC_PFRD>2.464740E+2</ORG_CPCTNC_PFRD>
				<TEMP_DEGC>23.1</TEMP_DEGC>
				<HUMIDITY_PRCNT>6.4</HUMIDITY_PRCNT>
				<IMP_OHM>3.458483E+5</IMP_OHM>
				<PHS_RAD>-1.204167E+0</PHS_RAD>
				<TIME_SECS>600.22</TIME_SECS>
				<CELL_NR>191</CELL_NR>
			</DATA>
			<DATA>
				<VOLTS>-200.0</VOLTS>
				<CPCTNCE_PFRD>1.872747E+2</CPCTNCE_PFRD>
				<ERR_CPCTNC_PFRD>3.383954E-3</ERR_CPCTNC_PFRD>
				<TOT_CURNT_NANOAMP>-1.18E+2</TOT_CURNT_NANOAMP>
				<ACTUAL_VOLTS>-200.00</ACTUAL_VOLTS>
				<ORG_CPCTNC_PFRD>1.872747E+2</ORG_CPCTNC_PFRD>
				<TEMP_DEGC>23.1</TEMP_DEGC>
				<HUMIDITY_PRCNT>6.5</HUMIDITY_PRCNT>
				<IMP_OHM>4.909957E+5</IMP_OHM>
				<PHS_RAD>-1.046013E+0</PHS_RAD>
				<TIME_SECS>601.57</TIME_SECS>
				<CELL_NR>201</CELL_NR>
			</DATA>
		</DATA_SET>
</ROOT>
